id_sesion,id_prueba,marca_tiempo,resolucion,ancho,alto,cantidad_imagenes,megapixeles,tiempo_total_s,tiempo_promedio_imagen_s,imagenes_por_segundo,cpu_promedio_pct,cpu_maximo_pct,ram_inicial_mb,ram_maxima_mb,ram_utilizada_mb,repeticion,imagenes_ok,imagenes_fallidas,muestras_cpu,ram_sistema_inicial_mb,ram_sistema_maxima_mb,ram_sistema_utilizada_mb,nucleos_logicos,parametros
20260928_065141,720p_n10_r1,2026-09-28T06:51:47,720p,1280,720,10,0.9216,0.176398,0.01764,56.69,25.8,25.8,103.121,108.91,5.789,1,10,0,1,7687.855,7687.855,0.0,12,resize=0.5;blur=5x5;sigma=1.5;canny=50-150
20260928_065141,720p_n10_r2,2026-09-28T06:51:47,720p,1280,720,10,0.9216,0.097431,0.009743,102.6366,20.4,20.4,104.137,109.309,5.172,2,10,0,1,7599.492,7599.492,0.0,12,resize=0.5;blur=5x5;sigma=1.5;canny=50-150
20260928_065141,720p_n10_r3,2026-09-28T06:51:47,720p,1280,720,10,0.9216,0.093107,0.009311,107.4031,17.3,17.3,104.398,109.367,4.969,3,10,0,1,7566.797,7566.797,0.0,12,resize=0.5;blur=5x5;sigma=1.5;canny=50-150
20260928_065141,720p_n25_r1,2026-09-28T06:51:48,720p,1280,720,25,0.9216,0.298148,0.011926,83.8511,19.7,19.7,104.227,109.391,5.164,1,25,0,1,7559.043,7559.043,0.0,12,resize=0.5;blur=5x5;sigma=1.5;canny=50-150
20260928_065141,720p_n25_r2,2026-09-28T06:51:48,720p,1280,720,25,0.9216,0.243829,0.009753,102.5307,55.4,55.4,104.348,109.492,5.145,2,25,0,1,7553.262,7553.262,0.0,12,resize=0.5;blur=5x5;sigma=1.5;canny=50-150
20260928_065141,720p_n25_r3,2026-09-28T06:51:48,720p,1280,720,25,0.9216,0.371986,0.014879,67.2068,74.7,74.7,104.266,109.516,5.25,3,25,0,1,6952.02,6952.02,0.0,12,resize=0.5;blur=5x5;sigma=1.5;canny=50-150
20260928_065141,720p_n50_r1,2026-09-28T06:51:49,720p,1280,720,50,0.9216,0.696316,0.013926,71.8064,44.333,54.7,104.688,109.773,5.086,1,50,0,3,6867.137,6867.137,0.0,12,resize=0.5;blur=5x5;sigma=1.5;canny=50-150
20260928_065141,720p_n50_r2,2026-09-28T06:51:50,720p,1280,720,50,0.9216,0.407406,0.008148,122.7277,19.3,28.7,104.312,109.707,5.395,2,50,0,2,6778.738,6782.852,4.113,12,resize=0.5;blur=5x5;sigma=1.5;canny=50-150
20260928_065141,720p_n50_r3,2026-09-28T06:51:50,720p,1280,720,50,0.9216,0.38178,0.007636,130.9656,33.5,33.5,104.43,109.812,5.383,3,50,0,1,6773.285,6779.492,6.207,12,resize=0.5;blur=5x5;sigma=1.5;canny=50-150
20260928_065141,720p_n100_r1,2026-09-28T06:51:52,720p,1280,720,100,0.9216,1.095482,0.010955,91.284,17.2,28.5,106.879,109.969,3.09,1,100,0,5,6770.957,6776.324,5.367,12,resize=0.5;blur=5x5;sigma=1.5;canny=50-150
20260928_065141,720p_n100_r2,2026-09-28T06:51:52,720p,1280,720,100,0.9216,0.780912,0.007809,128.0554,23.033,36.1,104.508,112.395,7.887,2,100,0,3,6771.918,6779.367,7.449,12,resize=0.5;blur=5x5;sigma=1.5;canny=50-150
20260928_065141,720p_n100_r3,2026-09-28T06:51:53,720p,1280,720,100,0.9216,0.86982,0.008698,114.9663,31.5,62.9,105.023,110.172,5.148,3,100,0,4,6771.234,6791.375,20.141,12,resize=0.5;blur=5x5;sigma=1.5;canny=50-150
20260928_065141,720p_n200_r1,2026-09-28T06:51:56,720p,1280,720,200,0.9216,2.049997,0.01025,97.5611,19.72,29.6,106.707,110.312,3.605,1,200,0,10,6772.457,6777.051,4.594,12,resize=0.5;blur=5x5;sigma=1.5;canny=50-150
20260928_065141,720p_n200_r2,2026-09-28T06:51:57,720p,1280,720,200,0.9216,1.521403,0.007607,131.4576,26.643,47.9,107.246,110.32,3.074,2,200,0,7,6754.562,6768.672,14.109,12,resize=0.5;blur=5x5;sigma=1.5;canny=50-150
20260928_065141,720p_n200_r3,2026-09-28T06:51:59,720p,1280,720,200,0.9216,1.592404,0.007962,125.5963,19.429,30.6,107.324,110.223,2.898,3,200,0,7,6775.727,6797.973,22.246,12,resize=0.5;blur=5x5;sigma=1.5;canny=50-150
20260928_065141,1080p_n10_r1,2026-09-28T06:52:15,1080p,1920,1080,10,2.0736,0.377939,0.037794,26.4593,36.8,36.8,106.184,118.012,11.828,1,10,0,1,7789.238,7795.73,6.492,12,resize=0.5;blur=5x5;sigma=1.5;canny=50-150
20260928_065141,1080p_n10_r2,2026-09-28T06:52:15,1080p,1920,1080,10,2.0736,0.198947,0.019895,50.2647,21.2,21.2,107.434,117.945,10.512,2,10,0,1,7793.02,7793.02,0.0,12,resize=0.5;blur=5x5;sigma=1.5;canny=50-150
20260928_065141,1080p_n10_r3,2026-09-28T06:52:15,1080p,1920,1080,10,2.0736,0.185928,0.018593,53.7842,14.6,14.6,110.168,118.566,8.398,3,10,0,1,7649.539,7649.922,0.383,12,resize=0.5;blur=5x5;sigma=1.5;canny=50-150
20260928_065141,1080p_n25_r1,2026-09-28T06:52:16,1080p,1920,1080,25,2.0736,0.592073,0.023683,42.2245,14.7,16.0,110.547,118.496,7.949,1,25,0,2,7648.227,7654.676,6.449,12,resize=0.5;blur=5x5;sigma=1.5;canny=50-150
20260928_065141,1080p_n25_r2,2026-09-28T06:52:17,1080p,1920,1080,25,2.0736,0.470575,0.018823,53.1265,14.9,18.8,110.52,118.516,7.996,2,25,0,2,7646.727,7652.23,5.504,12,resize=0.5;blur=5x5;sigma=1.5;canny=50-150
20260928_065141,1080p_n25_r3,2026-09-28T06:52:17,1080p,1920,1080,25,2.0736,0.434018,0.017361,57.6013,20.55,27.5,106.926,118.391,11.465,3,25,0,2,7647.781,7652.27,4.488,12,resize=0.5;blur=5x5;sigma=1.5;canny=50-150
20260928_065141,1080p_n50_r1,2026-09-28T06:52:19,1080p,1920,1080,50,2.0736,1.195244,0.023905,41.8325,26.92,59.7,110.73,118.402,7.672,1,50,0,5,7647.273,7652.926,5.652,12,resize=0.5;blur=5x5;sigma=1.5;canny=50-150
20260928_065141,1080p_n50_r2,2026-09-28T06:52:20,1080p,1920,1080,50,2.0736,1.034641,0.020693,48.326,27.28,39.3,107.496,118.598,11.102,2,50,0,5,7645.031,7670.273,25.242,12,resize=0.5;blur=5x5;sigma=1.5;canny=50-150
20260928_065141,1080p_n50_r3,2026-09-28T06:52:21,1080p,1920,1080,50,2.0736,0.890099,0.017802,56.1735,20.8,29.7,110.215,118.625,8.41,3,50,0,4,7663.941,7665.488,1.547,12,resize=0.5;blur=5x5;sigma=1.5;canny=50-150
20260928_065141,1080p_n100_r1,2026-09-28T06:52:23,1080p,1920,1080,100,2.0736,2.266932,0.022669,44.1125,24.736,54.2,110.855,122.922,12.066,1,100,0,11,7648.762,7663.125,14.363,12,resize=0.5;blur=5x5;sigma=1.5;canny=50-150
20260928_065141,1080p_n100_r2,2026-09-28T06:52:25,1080p,1920,1080,100,2.0736,1.770936,0.017709,56.4673,22.613,26.6,107.883,122.609,14.727,2,100,0,8,7523.004,7533.715,10.711,12,resize=0.5;blur=5x5;sigma=1.5;canny=50-150
20260928_065141,1080p_n100_r3,2026-09-28T06:52:27,1080p,1920,1080,100,2.0736,1.718154,0.017182,58.202,18.337,27.1,110.91,118.676,7.766,3,100,0,8,7518.559,7522.137,3.578,12,resize=0.5;blur=5x5;sigma=1.5;canny=50-150
20260928_065141,1080p_n200_r1,2026-09-28T06:52:31,1080p,1920,1080,200,2.0736,4.062279,0.020311,49.2334,21.48,30.6,107.879,120.246,12.367,1,200,0,20,7501.078,7532.066,30.988,12,resize=0.5;blur=5x5;sigma=1.5;canny=50-150
20260928_065141,1080p_n200_r2,2026-09-28T06:52:35,1080p,1920,1080,200,2.0736,3.316102,0.016581,60.3118,23.506,42.7,108.098,118.891,10.793,2,200,0,16,7513.941,7532.891,18.949,12,resize=0.5;blur=5x5;sigma=1.5;canny=50-150
20260928_065141,1080p_n200_r3,2026-09-28T06:52:38,1080p,1920,1080,200,2.0736,3.128118,0.015641,63.9362,23.533,43.7,110.809,122.754,11.945,3,200,0,15,7493.918,7504.309,10.391,12,resize=0.5;blur=5x5;sigma=1.5;canny=50-150
20260928_065141,1440p_n10_r1,2026-09-28T06:52:54,1440p,2560,1440,10,3.6864,0.312746,0.031275,31.9748,21.2,21.2,111.234,128.402,17.168,1,10,0,1,7346.383,7346.383,0.0,12,resize=0.5;blur=5x5;sigma=1.5;canny=50-150
20260928_065141,1440p_n10_r2,2026-09-28T06:52:54,1440p,2560,1440,10,3.6864,0.271123,0.027112,36.8837,33.3,33.3,112.309,128.297,15.988,2,10,0,1,7340.145,7341.324,1.18,12,resize=0.5;blur=5x5;sigma=1.5;canny=50-150
20260928_065141,1440p_n10_r3,2026-09-28T06:52:55,1440p,2560,1440,10,3.6864,0.256567,0.025657,38.9762,20.2,20.2,113.137,128.535,15.398,3,10,0,1,7341.363,7353.41,12.047,12,resize=0.5;blur=5x5;sigma=1.5;canny=50-150
20260928_065141,1440p_n25_r1,2026-09-28T06:52:55,1440p,2560,1440,25,3.6864,0.694914,0.027797,35.9757,16.8,21.4,113.285,129.293,16.008,1,25,0,3,7334.77,7353.098,18.328,12,resize=0.5;blur=5x5;sigma=1.5;canny=50-150
20260928_065141,1440p_n25_r2,2026-09-28T06:52:56,1440p,2560,1440,25,3.6864,0.627735,0.025109,39.8257,24.7,38.2,114.129,129.551,15.422,2,25,0,3,7343.164,7347.363,4.199,12,resize=0.5;blur=5x5;sigma=1.5;canny=50-150
20260928_065141,1440p_n25_r3,2026-09-28T06:52:57,1440p,2560,1440,25,3.6864,0.622756,0.02491,40.1442,27.767,34.0,115.914,129.402,13.488,3,25,0,3,7340.633,7349.352,8.719,12,resize=0.5;blur=5x5;sigma=1.5;canny=50-150
20260928_065141,1440p_n50_r1,2026-09-28T06:52:59,1440p,2560,1440,50,3.6864,1.354994,0.0271,36.9005,18.35,26.9,115.223,129.422,14.199,1,50,0,6,7328.414,7344.281,15.867,12,resize=0.5;blur=5x5;sigma=1.5;canny=50-150
20260928_065141,1440p_n50_r2,2026-09-28T06:53:00,1440p,2560,1440,50,3.6864,1.315765,0.026315,38.0007,24.4,31.4,109.926,137.039,27.113,2,50,0,6,7350.676,7387.734,37.059,12,resize=0.5;blur=5x5;sigma=1.5;canny=50-150
20260928_065141,1440p_n50_r3,2026-09-28T06:53:02,1440p,2560,1440,50,3.6864,1.430614,0.028612,34.95,26.971,60.6,116.551,129.809,13.258,3,50,0,7,7382.664,7382.664,0.0,12,resize=0.5;blur=5x5;sigma=1.5;canny=50-150
20260928_065141,1440p_n100_r1,2026-09-28T06:53:04,1440p,2560,1440,100,3.6864,2.780136,0.027801,35.9695,18.1,32.7,116.301,130.004,13.703,1,100,0,13,7362.32,7378.445,16.125,12,resize=0.5;blur=5x5;sigma=1.5;canny=50-150
20260928_065141,1440p_n100_r2,2026-09-28T06:53:07,1440p,2560,1440,100,3.6864,2.486877,0.024869,40.2111,17.85,27.3,109.566,137.195,27.629,2,100,0,12,7358.41,7381.574,23.164,12,resize=0.5;blur=5x5;sigma=1.5;canny=50-150
20260928_065141,1440p_n100_r3,2026-09-28T06:53:10,1440p,2560,1440,100,3.6864,2.694482,0.026945,37.1129,24.346,50.6,116.473,136.68,20.207,3,100,0,13,7351.328,7374.996,23.668,12,resize=0.5;blur=5x5;sigma=1.5;canny=50-150
20260928_065141,1440p_n200_r1,2026-09-28T06:53:16,1440p,2560,1440,200,3.6864,6.251261,0.031256,31.9935,24.96,65.0,114.723,134.598,19.875,1,200,0,30,7036.723,7060.992,24.27,12,resize=0.5;blur=5x5;sigma=1.5;canny=50-150
20260928_065141,1440p_n200_r2,2026-09-28T06:53:22,1440p,2560,1440,200,3.6864,5.385834,0.026929,37.1345,21.277,38.3,115.918,137.965,22.047,2,200,0,26,7053.867,7067.359,13.492,12,resize=0.5;blur=5x5;sigma=1.5;canny=50-150
20260928_065141,1440p_n200_r3,2026-09-28T06:53:27,1440p,2560,1440,200,3.6864,5.487581,0.027438,36.4459,20.022,39.6,115.746,134.734,18.988,3,200,0,27,6992.043,7048.039,55.996,12,resize=0.5;blur=5x5;sigma=1.5;canny=50-150
20260928_065141,4K_n10_r1,2026-09-28T06:54:03,4K,3840,2160,10,8.2944,0.996824,0.099682,10.0319,24.775,37.2,117.801,152.547,34.746,1,10,0,4,7048.863,7062.051,13.188,12,resize=0.5;blur=5x5;sigma=1.5;canny=50-150
20260928_065141,4K_n10_r2,2026-09-28T06:54:04,4K,3840,2160,10,8.2944,0.896437,0.089644,11.1553,19.9,23.3,115.539,152.125,36.586,2,10,0,4,7042.148,7068.809,26.66,12,resize=0.5;blur=5x5;sigma=1.5;canny=50-150
20260928_065141,4K_n10_r3,2026-09-28T06:54:05,4K,3840,2160,10,8.2944,0.662528,0.066253,15.0937,22.4,30.9,114.156,153.059,38.902,3,10,0,3,7051.664,7091.711,40.047,12,resize=0.5;blur=5x5;sigma=1.5;canny=50-150
20260928_065141,4K_n25_r1,2026-09-28T06:54:06,4K,3840,2160,25,8.2944,1.427918,0.057117,17.508,16.971,26.4,117.43,164.969,47.539,1,25,0,7,7079.254,7129.25,49.996,12,resize=0.5;blur=5x5;sigma=1.5;canny=50-150
20260928_065141,4K_n25_r2,2026-09-28T06:54:08,4K,3840,2160,25,8.2944,1.370487,0.054819,18.2417,18.683,23.0,109.93,153.148,43.219,2,25,0,6,7073.637,7102.301,28.664,12,resize=0.5;blur=5x5;sigma=1.5;canny=50-150
20260928_065141,4K_n25_r3,2026-09-28T06:54:09,4K,3840,2160,25,8.2944,1.36384,0.054554,18.3306,19.2,25.3,117.328,153.336,36.008,3,25,0,6,7081.312,7105.805,24.492,12,resize=0.5;blur=5x5;sigma=1.5;canny=50-150
20260928_065141,4K_n50_r1,2026-09-28T06:54:12,4K,3840,2160,50,8.2944,2.918382,0.058368,17.1328,23.029,44.4,117.508,153.352,35.844,1,50,0,14,7071.695,7104.926,33.23,12,resize=0.5;blur=5x5;sigma=1.5;canny=50-150
20260928_065141,4K_n50_r2,2026-09-28T06:54:15,4K,3840,2160,50,8.2944,2.81843,0.056369,17.7404,20.893,33.8,117.559,154.477,36.918,2,50,0,14,7042.598,7058.152,15.555,12,resize=0.5;blur=5x5;sigma=1.5;canny=50-150
20260928_065141,4K_n50_r3,2026-09-28T06:54:18,4K,3840,2160,50,8.2944,2.880917,0.057618,17.3556,20.75,36.5,117.355,153.359,36.004,3,50,0,14,7006.297,7053.832,47.535,12,resize=0.5;blur=5x5;sigma=1.5;canny=50-150
20260928_065141,4K_n100_r1,2026-09-28T06:54:25,4K,3840,2160,100,8.2944,5.898112,0.058981,16.9546,20.655,52.9,117.074,153.816,36.742,1,100,0,29,7024.609,7056.516,31.906,12,resize=0.5;blur=5x5;sigma=1.5;canny=50-150
20260928_065141,4K_n100_r2,2026-09-28T06:54:30,4K,3840,2160,100,8.2944,5.541144,0.055411,18.0468,20.415,29.7,116.926,156.668,39.742,2,100,0,27,7013.609,7040.395,26.785,12,resize=0.5;blur=5x5;sigma=1.5;canny=50-150
20260928_065141,4K_n100_r3,2026-09-28T06:54:36,4K,3840,2160,100,8.2944,5.542327,0.055423,18.043,18.926,31.6,110.379,153.43,43.051,3,100,0,27,6987.891,7031.672,43.781,12,resize=0.5;blur=5x5;sigma=1.5;canny=50-150
20260928_065141,4K_n200_r1,2026-09-28T06:54:49,4K,3840,2160,200,8.2944,12.525678,0.062628,15.9672,22.008,68.1,117.387,155.105,37.719,1,200,0,62,6994.789,7082.672,87.883,12,resize=0.5;blur=5x5;sigma=1.5;canny=50-150
20260928_070228,720p_n50_r1,2026-09-28T07:02:46,720p,1280,720,50,0.9216,3.703388,0.074068,13.5012,21.494,31.5,102.07,123.574,21.504,1,50,0,18,7713.098,7737.527,24.43,12,resize=1.0;blur=31x31;sigma=7.0;pasadas_blur=3;pasadas_canny=1;pasadas_pipeline=5;canny=50-150
20260928_070228,720p_n50_r2,2026-09-28T07:02:49,720p,1280,720,50,0.9216,3.251032,0.065021,15.3797,18.212,28.7,105.664,127.078,21.414,2,50,0,16,7641.234,7652.066,10.832,12,resize=1.0;blur=31x31;sigma=7.0;pasadas_blur=3;pasadas_canny=1;pasadas_pipeline=5;canny=50-150
20260928_070228,720p_n50_r3,2026-09-28T07:02:52,720p,1280,720,50,0.9216,3.355176,0.067104,14.9023,22.481,38.3,103.977,127.238,23.262,3,50,0,16,7615.211,7637.648,22.438,12,resize=1.0;blur=31x31;sigma=7.0;pasadas_blur=3;pasadas_canny=1;pasadas_pipeline=5;canny=50-150
20260928_070228,720p_n100_r1,2026-09-28T07:03:00,720p,1280,720,100,0.9216,7.216327,0.072163,13.8575,20.226,55.8,103.969,127.707,23.738,1,100,0,35,7631.645,7648.121,16.477,12,resize=1.0;blur=31x31;sigma=7.0;pasadas_blur=3;pasadas_canny=1;pasadas_pipeline=5;canny=50-150
20260928_070228,720p_n100_r2,2026-09-28T07:03:07,720p,1280,720,100,0.9216,7.476504,0.074765,13.3752,21.073,36.9,105.863,127.738,21.875,2,100,0,37,7614.129,7639.801,25.672,12,resize=1.0;blur=31x31;sigma=7.0;pasadas_blur=3;pasadas_canny=1;pasadas_pipeline=5;canny=50-150
20260928_070228,720p_n100_r3,2026-09-28T07:03:15,720p,1280,720,100,0.9216,7.366832,0.073668,13.5744,21.203,44.2,104.078,127.672,23.594,3,100,0,36,7605.645,7654.969,49.324,12,resize=1.0;blur=31x31;sigma=7.0;pasadas_blur=3;pasadas_canny=1;pasadas_pipeline=5;canny=50-150
20260928_070228,720p_n200_r1,2026-09-28T07:03:34,720p,1280,720,200,0.9216,19.399797,0.096999,10.3094,26.336,61.0,104.992,128.051,23.059,1,200,0,96,7637.598,7848.637,211.039,12,resize=1.0;blur=31x31;sigma=7.0;pasadas_blur=3;pasadas_canny=1;pasadas_pipeline=5;canny=50-150
20260928_070228,720p_n200_r2,2026-09-28T07:03:54,720p,1280,720,200,0.9216,19.04229,0.095211,10.5029,27.165,65.7,111.055,128.25,17.195,2,200,0,94,7812.387,7867.438,55.051,12,resize=1.0;blur=31x31;sigma=7.0;pasadas_blur=3;pasadas_canny=1;pasadas_pipeline=5;canny=50-150
20260928_070228,720p_n200_r3,2026-09-28T07:04:10,720p,1280,720,200,0.9216,16.38179,0.081909,12.2087,21.641,72.6,105.918,128.203,22.285,3,200,0,81,7577.156,7586.266,9.109,12,resize=1.0;blur=31x31;sigma=7.0;pasadas_blur=3;pasadas_canny=1;pasadas_pipeline=5;canny=50-150
20260928_070228,720p_n400_r1,2026-09-28T07:04:41,720p,1280,720,400,0.9216,30.38464,0.075962,13.1645,19.211,50.3,111.668,128.078,16.41,1,400,0,151,7542.672,7566.309,23.637,12,resize=1.0;blur=31x31;sigma=7.0;pasadas_blur=3;pasadas_canny=1;pasadas_pipeline=5;canny=50-150
20260928_070228,720p_n400_r2,2026-09-28T07:05:12,720p,1280,720,400,0.9216,30.961101,0.077403,12.9194,21.381,55.1,104.992,127.973,22.98,2,400,0,154,7515.75,7763.234,247.484,12,resize=1.0;blur=31x31;sigma=7.0;pasadas_blur=3;pasadas_canny=1;pasadas_pipeline=5;canny=50-150
20260928_070228,720p_n400_r3,2026-09-28T07:06:03,720p,1280,720,400,0.9216,50.854035,0.127135,7.8656,35.021,100.0,104.969,128.172,23.203,3,400,0,252,7524.902,7870.371,345.469,12,resize=1.0;blur=31x31;sigma=7.0;pasadas_blur=3;pasadas_canny=1;pasadas_pipeline=5;canny=50-150
20260928_070228,720p_n600_r1,2026-09-28T07:06:48,720p,1280,720,600,0.9216,45.489119,0.075815,13.19,19.561,48.2,111.922,128.238,16.316,1,600,0,226,7763.289,7779.633,16.344,12,resize=1.0;blur=31x31;sigma=7.0;pasadas_blur=3;pasadas_canny=1;pasadas_pipeline=5;canny=50-150
20260928_070228,720p_n600_r2,2026-09-28T07:08:13,720p,1280,720,600,0.9216,83.966027,0.139943,7.1457,30.688,100.0,112.02,128.125,16.105,2,600,0,415,7696.414,8686.66,990.246,12,resize=1.0;blur=31x31;sigma=7.0;pasadas_blur=3;pasadas_canny=1;pasadas_pipeline=5;canny=50-150
20260928_070228,720p_n600_r3,2026-09-28T07:08:57,720p,1280,720,600,0.9216,44.483546,0.074139,13.4881,19.525,59.4,104.27,128.527,24.258,3,600,0,221,8369.082,8535.633,166.551,12,resize=1.0;blur=31x31;sigma=7.0;pasadas_blur=3;pasadas_canny=1;pasadas_pipeline=5;canny=50-150
20260928_070228,1080p_n50_r1,2026-09-28T07:09:35,1080p,1920,1080,50,2.0736,7.287745,0.145755,6.8608,68.4,95.0,113.371,155.625,42.254,1,50,0,35,8021.918,8344.336,322.418,12,resize=1.0;blur=31x31;sigma=7.0;pasadas_blur=3;pasadas_canny=1;pasadas_pipeline=5;canny=50-150
20260928_070228,1080p_n50_r2,2026-09-28T07:09:41,1080p,1920,1080,50,2.0736,6.345342,0.126907,7.8798,63.055,85.3,113.297,156.586,43.289,2,50,0,31,8294.352,8294.352,0.0,12,resize=1.0;blur=31x31;sigma=7.0;pasadas_blur=3;pasadas_canny=1;pasadas_pipeline=5;canny=50-150
20260928_070228,1080p_n50_r3,2026-09-28T07:09:48,1080p,1920,1080,50,2.0736,6.462506,0.12925,7.7369,65.042,83.2,114.617,156.168,41.551,3,50,0,31,8005.594,8049.301,43.707,12,resize=1.0;blur=31x31;sigma=7.0;pasadas_blur=3;pasadas_canny=1;pasadas_pipeline=5;canny=50-150
20260928_070228,1080p_n100_r1,2026-09-28T07:10:03,1080p,1920,1080,100,2.0736,14.791719,0.147917,6.7605,66.888,86.5,113.754,156.047,42.293,1,100,0,73,7991.039,8058.855,67.816,12,resize=1.0;blur=31x31;sigma=7.0;pasadas_blur=3;pasadas_canny=1;pasadas_pipeline=5;canny=50-150
20260928_070228,1080p_n100_r2,2026-09-28T07:10:18,1080p,1920,1080,100,2.0736,14.968703,0.149687,6.6806,70.267,91.3,114.168,156.215,42.047,2,100,0,73,7913.051,8170.992,257.941,12,resize=1.0;blur=31x31;sigma=7.0;pasadas_blur=3;pasadas_canny=1;pasadas_pipeline=5;canny=50-150
20260928_070228,1080p_n100_r3,2026-09-28T07:10:33,1080p,1920,1080,100,2.0736,15.284471,0.152845,6.5426,70.961,100.0,106.055,156.504,50.449,3,100,0,75,8109.617,8454.98,345.363,12,resize=1.0;blur=31x31;sigma=7.0;pasadas_blur=3;pasadas_canny=1;pasadas_pipeline=5;canny=50-150
20260928_070228,1080p_n200_r1,2026-09-28T07:10:58,1080p,1920,1080,200,2.0736,24.434562,0.122173,8.1851,62.517,79.5,114.562,156.238,41.676,1,200,0,120,7926.117,7984.242,58.125,12,resize=1.0;blur=31x31;sigma=7.0;pasadas_blur=3;pasadas_canny=1;pasadas_pipeline=5;canny=50-150
20260928_070228,1080p_n200_r2,2026-09-28T07:11:22,1080p,1920,1080,200,2.0736,23.783295,0.118916,8.4093,63.507,92.2,114.617,156.328,41.711,2,200,0,117,7921.695,7992.852,71.156,12,resize=1.0;blur=31x31;sigma=7.0;pasadas_blur=3;pasadas_canny=1;pasadas_pipeline=5;canny=50-150
20260928_070228,1080p_n200_r3,2026-09-28T07:11:46,1080p,1920,1080,200,2.0736,23.872197,0.119361,8.3779,63.642,80.8,114.633,156.559,41.926,3,200,0,118,7905.617,8005.453,99.836,12,resize=1.0;blur=31x31;sigma=7.0;pasadas_blur=3;pasadas_canny=1;pasadas_pipeline=5;canny=50-150
20260928_070228,1080p_n400_r1,2026-09-28T07:12:38,1080p,1920,1080,400,2.0736,52.604049,0.13151,7.604,66.907,98.8,114.684,156.582,41.898,1,400,0,259,7969.68,8728.773,759.094,12,resize=1.0;blur=31x31;sigma=7.0;pasadas_blur=3;pasadas_canny=1;pasadas_pipeline=5;canny=50-150
20260928_070228,1080p_n400_r2,2026-09-28T07:13:27,1080p,1920,1080,400,2.0736,48.553839,0.121385,8.2383,64.457,90.5,105.582,156.887,51.305,2,400,0,240,8439.016,8487.605,48.59,12,resize=1.0;blur=31x31;sigma=7.0;pasadas_blur=3;pasadas_canny=1;pasadas_pipeline=5;canny=50-150
20260928_070228,1080p_n400_r3,2026-09-28T07:14:15,1080p,1920,1080,400,2.0736,48.01189,0.12003,8.3313,64.417,88.8,114.969,156.641,41.672,3,400,0,237,7967.59,8027.621,60.031,12,resize=1.0;blur=31x31;sigma=7.0;pasadas_blur=3;pasadas_canny=1;pasadas_pipeline=5;canny=50-150
20260928_070228,1080p_n600_r1,2026-09-28T07:15:28,1080p,1920,1080,600,2.0736,72.514176,0.120857,8.2742,63.605,92.5,114.938,156.914,41.977,1,600,0,359,7971.27,8064.871,93.602,12,resize=1.0;blur=31x31;sigma=7.0;pasadas_blur=3;pasadas_canny=1;pasadas_pipeline=5;canny=50-150
20260928_070228,1080p_n600_r2,2026-09-28T07:16:43,1080p,1920,1080,600,2.0736,75.09345,0.125156,7.99,63.315,99.4,103.941,154.996,51.055,2,600,0,371,7643.418,8115.082,471.664,12,resize=1.0;blur=31x31;sigma=7.0;pasadas_blur=3;pasadas_canny=1;pasadas_pipeline=5;canny=50-150
20260928_070228,1080p_n600_r3,2026-09-28T07:18:04,1080p,1920,1080,600,2.0736,81.115318,0.135192,7.3969,64.774,98.1,113.086,155.066,41.98,3,600,0,400,7983.926,8739.418,755.492,12,resize=1.0;blur=31x31;sigma=7.0;pasadas_blur=3;pasadas_canny=1;pasadas_pipeline=5;canny=50-150
20260928_070228,1440p_n50_r1,2026-09-28T07:19:06,1440p,2560,1440,50,3.6864,10.651421,0.213028,4.6942,55.915,73.5,115.805,192.664,76.859,1,50,0,52,7946.773,8014.723,67.949,12,resize=1.0;blur=31x31;sigma=7.0;pasadas_blur=3;pasadas_canny=1;pasadas_pipeline=5;canny=50-150
20260928_070228,1440p_n50_r2,2026-09-28T07:19:16,1440p,2560,1440,50,3.6864,10.273252,0.205465,4.867,57.266,79.7,118.492,194.41,75.918,2,50,0,50,7948.555,8024.742,76.188,12,resize=1.0;blur=31x31;sigma=7.0;pasadas_blur=3;pasadas_canny=1;pasadas_pipeline=5;canny=50-150
20260928_070228,1440p_n50_r3,2026-09-28T07:19:26,1440p,2560,1440,50,3.6864,10.251527,0.205031,4.8773,58.898,77.6,120.16,193.379,73.219,3,50,0,50,7958.863,8040.703,81.84,12,resize=1.0;blur=31x31;sigma=7.0;pasadas_blur=3;pasadas_canny=1;pasadas_pipeline=5;canny=50-150
20260928_070228,1440p_n100_r1,2026-09-28T07:19:48,1440p,2560,1440,100,3.6864,21.545526,0.215455,4.6413,61.082,93.8,118.625,194.094,75.469,1,100,0,106,7963.332,8319.41,356.078,12,resize=1.0;blur=31x31;sigma=7.0;pasadas_blur=3;pasadas_canny=1;pasadas_pipeline=5;canny=50-150
20260928_070228,1440p_n100_r2,2026-09-28T07:20:09,1440p,2560,1440,100,3.6864,20.518298,0.205183,4.8737,59.143,81.2,120.074,193.371,73.297,2,100,0,101,7937.824,8047.73,109.906,12,resize=1.0;blur=31x31;sigma=7.0;pasadas_blur=3;pasadas_canny=1;pasadas_pipeline=5;canny=50-150
20260928_070228,1440p_n100_r3,2026-09-28T07:20:30,1440p,2560,1440,100,3.6864,20.742392,0.207424,4.821,61.105,84.0,103.672,194.062,90.391,3,100,0,102,7947.934,8023.598,75.664,12,resize=1.0;blur=31x31;sigma=7.0;pasadas_blur=3;pasadas_canny=1;pasadas_pipeline=5;canny=50-150
20260928_070228,1440p_n200_r1,2026-09-28T07:21:12,1440p,2560,1440,200,3.6864,42.03797,0.21019,4.7576,58.645,86.6,118.953,194.363,75.41,1,200,0,207,7853.203,7978.82,125.617,12,resize=1.0;blur=31x31;sigma=7.0;pasadas_blur=3;pasadas_canny=1;pasadas_pipeline=5;canny=50-150
20260928_070228,1440p_n200_r2,2026-09-28T07:21:53,1440p,2560,1440,200,3.6864,40.88556,0.204428,4.8917,59.89,86.6,118.691,194.113,75.422,2,200,0,201,7884.074,7992.34,108.266,12,resize=1.0;blur=31x31;sigma=7.0;pasadas_blur=3;pasadas_canny=1;pasadas_pipeline=5;canny=50-150
20260928_070228,1440p_n200_r3,2026-09-28T07:22:39,1440p,2560,1440,200,3.6864,45.590579,0.227953,4.3869,64.192,100.0,120.145,195.074,74.93,3,200,0,224,7913.578,8643.535,729.957,12,resize=1.0;blur=31x31;sigma=7.0;pasadas_blur=3;pasadas_canny=1;pasadas_pipeline=5;canny=50-150
20260928_070228,1440p_n400_r1,2026-09-28T07:24:03,1440p,2560,1440,400,3.6864,84.541959,0.211355,4.7314,59.517,95.8,104.473,194.602,90.129,1,400,0,416,8352.332,8497.121,144.789,12,resize=1.0;blur=31x31;sigma=7.0;pasadas_blur=3;pasadas_canny=1;pasadas_pipeline=5;canny=50-150
20260928_070228,1440p_n400_r2,2026-09-28T07:25:26,1440p,2560,1440,400,3.6864,82.464667,0.206162,4.8506,59.797,90.5,118.891,195.145,76.254,2,400,0,406,8267.332,8342.895,75.562,12,resize=1.0;blur=31x31;sigma=7.0;pasadas_blur=3;pasadas_canny=1;pasadas_pipeline=5;canny=50-150
20260928_070228,1440p_n400_r3,2026-09-28T07:26:49,1440p,2560,1440,400,3.6864,82.296614,0.205742,4.8605,58.859,87.2,118.906,194.551,75.645,3,400,0,405,7953.613,8115.395,161.781,12,resize=1.0;blur=31x31;sigma=7.0;pasadas_blur=3;pasadas_canny=1;pasadas_pipeline=5;canny=50-150
20260928_070228,1440p_n600_r1,2026-09-28T07:28:59,1440p,2560,1440,600,3.6864,130.495688,0.217493,4.5979,61.327,100.0,119.969,195.199,75.23,1,600,0,641,8049.102,8756.531,707.43,12,resize=1.0;blur=31x31;sigma=7.0;pasadas_blur=3;pasadas_canny=1;pasadas_pipeline=5;canny=50-150
20260928_070228,1440p_n600_r2,2026-09-28T07:31:06,1440p,2560,1440,600,3.6864,126.247439,0.210412,4.7526,61.198,98.2,120.137,195.176,75.039,2,600,0,622,8246.316,8653.074,406.758,12,resize=1.0;blur=31x31;sigma=7.0;pasadas_blur=3;pasadas_canny=1;pasadas_pipeline=5;canny=50-150
20260928_070228,1440p_n600_r3,2026-09-28T07:33:12,1440p,2560,1440,600,3.6864,125.788319,0.209647,4.7699,60.704,100.0,103.645,195.203,91.559,3,600,0,620,8062.012,8250.777,188.766,12,resize=1.0;blur=31x31;sigma=7.0;pasadas_blur=3;pasadas_canny=1;pasadas_pipeline=5;canny=50-150
20260928_070228,4K_n50_r1,2026-09-28T07:35:17,4K,3840,2160,50,8.2944,22.213296,0.444266,2.2509,60.792,99.4,121.484,287.652,166.168,1,50,0,108,8024.684,8191.621,166.938,12,resize=1.0;blur=31x31;sigma=7.0;pasadas_blur=3;pasadas_canny=1;pasadas_pipeline=5;canny=50-150
20260928_070228,4K_n50_r2,2026-09-28T07:35:39,4K,3840,2160,50,8.2944,22.062952,0.441259,2.2662,58.336,95.5,107.105,273.473,166.367,2,50,0,107,8013.305,8188.246,174.941,12,resize=1.0;blur=31x31;sigma=7.0;pasadas_blur=3;pasadas_canny=1;pasadas_pipeline=5;canny=50-150
20260928_070228,4K_n50_r3,2026-09-28T07:36:01,4K,3840,2160,50,8.2944,21.897263,0.437945,2.2834,60.182,100.0,107.234,273.613,166.379,3,50,0,106,8006.41,8173.559,167.148,12,resize=1.0;blur=31x31;sigma=7.0;pasadas_blur=3;pasadas_canny=1;pasadas_pipeline=5;canny=50-150
20260928_070228,4K_n100_r1,2026-09-28T07:36:45,4K,3840,2160,100,8.2944,43.901931,0.439019,2.2778,59.515,100.0,107.086,273.617,166.531,1,100,0,214,8014.777,8186.0,171.223,12,resize=1.0;blur=31x31;sigma=7.0;pasadas_blur=3;pasadas_canny=1;pasadas_pipeline=5;canny=50-150
20260928_070228,4K_n100_r2,2026-09-28T07:37:35,4K,3840,2160,100,8.2944,50.449892,0.504499,1.9822,67.995,100.0,107.363,273.621,166.258,2,100,0,244,8014.512,9136.047,1121.535,12,resize=1.0;blur=31x31;sigma=7.0;pasadas_blur=3;pasadas_canny=1;pasadas_pipeline=5;canny=50-150
20260928_070228,4K_n100_r3,2026-09-28T07:38:21,4K,3840,2160,100,8.2944,45.165873,0.451659,2.2141,61.857,100.0,107.371,276.727,169.355,3,100,0,220,8645.953,8883.625,237.672,12,resize=1.0;blur=31x31;sigma=7.0;pasadas_blur=3;pasadas_canny=1;pasadas_pipeline=5;canny=50-150
20260928_070228,4K_n200_r1,2026-09-28T07:39:50,4K,3840,2160,200,8.2944,89.15577,0.445779,2.2433,60.309,100.0,107.152,273.629,166.477,1,200,0,434,8581.688,8948.266,366.578,12,resize=1.0;blur=31x31;sigma=7.0;pasadas_blur=3;pasadas_canny=1;pasadas_pipeline=5;canny=50-150
20260928_070228,4K_n200_r2,2026-09-28T07:41:18,4K,3840,2160,200,8.2944,87.67797,0.43839,2.2811,59.766,100.0,107.066,273.668,166.602,2,200,0,427,8525.59,8691.031,165.441,12,resize=1.0;blur=31x31;sigma=7.0;pasadas_blur=3;pasadas_canny=1;pasadas_pipeline=5;canny=50-150
20260928_070228,4K_n200_r3,2026-09-28T07:42:50,4K,3840,2160,200,8.2944,91.938357,0.459692,2.1754,62.814,100.0,104.145,273.547,169.402,3,200,0,447,8519.004,9111.723,592.719,12,resize=1.0;blur=31x31;sigma=7.0;pasadas_blur=3;pasadas_canny=1;pasadas_pipeline=5;canny=50-150
20260928_070228,4K_n400_r1,2026-09-28T07:45:55,4K,3840,2160,400,8.2944,185.426295,0.463566,2.1572,62.864,100.0,107.332,273.566,166.234,1,400,0,904,8609.121,9813.285,1204.164,12,resize=1.0;blur=31x31;sigma=7.0;pasadas_blur=3;pasadas_canny=1;pasadas_pipeline=5;canny=50-150
20260928_070228,4K_n400_r2,2026-09-28T07:49:21,4K,3840,2160,400,8.2944,205.290645,0.513227,1.9485,55.045,90.2,107.316,273.785,166.469,2,400,0,996,9444.512,9708.578,264.066,12,resize=1.0;blur=31x31;sigma=7.0;pasadas_blur=3;pasadas_canny=1;pasadas_pipeline=5;canny=50-150
20260928_070228,4K_n400_r3,2026-09-28T07:52:50,4K,3840,2160,400,8.2944,209.125981,0.522815,1.9127,55.139,93.8,107.148,274.012,166.863,3,400,0,1016,8478.531,9208.914,730.383,12,resize=1.0;blur=31x31;sigma=7.0;pasadas_blur=3;pasadas_canny=1;pasadas_pipeline=5;canny=50-150
20260928_070228,4K_n600_r1,2026-09-28T07:57:59,4K,3840,2160,600,8.2944,309.231986,0.515387,1.9403,54.07,100.0,94.891,261.215,166.324,1,600,0,1504,8669.176,9282.441,613.266,12,resize=1.0;blur=31x31;sigma=7.0;pasadas_blur=3;pasadas_canny=1;pasadas_pipeline=5;canny=50-150
20260928_070228,4K_n600_r2,2026-09-28T08:03:02,4K,3840,2160,600,8.2944,302.223301,0.503706,1.9853,54.087,94.2,91.488,261.227,169.738,2,600,0,1467,8630.191,9035.465,405.273,12,resize=1.0;blur=31x31;sigma=7.0;pasadas_blur=3;pasadas_canny=1;pasadas_pipeline=5;canny=50-150
20260928_070228,4K_n600_r3,2026-09-28T08:08:03,4K,3840,2160,600,8.2944,301.126474,0.501877,1.9925,54.188,95.5,94.188,261.223,167.035,3,600,0,1463,8656.289,9286.613,630.324,12,resize=1.0;blur=31x31;sigma=7.0;pasadas_blur=3;pasadas_canny=1;pasadas_pipeline=5;canny=50-150
20260928_092152,720p_n50_r1,2026-09-28T09:22:12,720p,1280,720,50,0.9216,6.442402,0.128848,7.7611,45.235,82.0,102.172,123.594,21.422,1,50,0,31,8479.449,8920.172,440.723,12,resize=1.0;blur=31x31;sigma=7.0;pasadas_blur=3;pasadas_canny=1;pasadas_pipeline=5;canny=50-150
20260928_092152,720p_n50_r2,2026-09-28T09:22:17,720p,1280,720,50,0.9216,4.334845,0.086697,11.5344,34.762,85.1,105.172,126.176,21.004,2,50,0,21,8936.816,9078.988,142.172,12,resize=1.0;blur=31x31;sigma=7.0;pasadas_blur=3;pasadas_canny=1;pasadas_pipeline=5;canny=50-150
20260928_092152,720p_n50_r3,2026-09-28T09:22:21,720p,1280,720,50,0.9216,3.468626,0.069373,14.4149,24.024,36.9,105.102,128.207,23.105,3,50,0,17,8901.141,8913.051,11.91,12,resize=1.0;blur=31x31;sigma=7.0;pasadas_blur=3;pasadas_canny=1;pasadas_pipeline=5;canny=50-150
20260928_092152,720p_n100_r1,2026-09-28T09:22:28,720p,1280,720,100,0.9216,7.730978,0.07731,12.935,21.434,46.8,106.0,127.695,21.695,1,100,0,38,8892.914,8905.867,12.953,12,resize=1.0;blur=31x31;sigma=7.0;pasadas_blur=3;pasadas_canny=1;pasadas_pipeline=5;canny=50-150
20260928_092152,720p_n100_r2,2026-09-28T09:22:36,720p,1280,720,100,0.9216,7.307021,0.07307,13.6855,18.619,29.9,105.402,128.551,23.148,2,100,0,36,8794.648,8822.965,28.316,12,resize=1.0;blur=31x31;sigma=7.0;pasadas_blur=3;pasadas_canny=1;pasadas_pipeline=5;canny=50-150
20260928_092152,720p_n100_r3,2026-09-28T09:22:44,720p,1280,720,100,0.9216,7.616705,0.076167,13.129,21.295,40.0,112.23,128.707,16.477,3,100,0,37,8795.125,8813.633,18.508,12,resize=1.0;blur=31x31;sigma=7.0;pasadas_blur=3;pasadas_canny=1;pasadas_pipeline=5;canny=50-150
20260928_092152,720p_n200_r1,2026-09-28T09:22:59,720p,1280,720,200,0.9216,14.864802,0.074324,13.4546,18.277,39.2,112.598,128.402,15.805,1,200,0,74,8689.289,8720.906,31.617,12,resize=1.0;blur=31x31;sigma=7.0;pasadas_blur=3;pasadas_canny=1;pasadas_pipeline=5;canny=50-150
20260928_092152,720p_n200_r2,2026-09-28T09:23:13,720p,1280,720,200,0.9216,14.309931,0.07155,13.9763,19.156,47.1,112.332,128.441,16.109,2,200,0,71,8615.305,8642.402,27.098,12,resize=1.0;blur=31x31;sigma=7.0;pasadas_blur=3;pasadas_canny=1;pasadas_pipeline=5;canny=50-150
20260928_092152,720p_n200_r3,2026-09-28T09:23:28,720p,1280,720,200,0.9216,14.564732,0.072824,13.7318,18.915,43.9,106.219,127.945,21.727,3,200,0,72,8588.359,8588.359,0.0,12,resize=1.0;blur=31x31;sigma=7.0;pasadas_blur=3;pasadas_canny=1;pasadas_pipeline=5;canny=50-150
20260928_092152,720p_n400_r1,2026-09-28T09:23:57,720p,1280,720,400,0.9216,29.397978,0.073495,13.6064,18.59,44.0,105.285,128.465,23.18,1,400,0,146,8318.602,8351.547,32.945,12,resize=1.0;blur=31x31;sigma=7.0;pasadas_blur=3;pasadas_canny=1;pasadas_pipeline=5;canny=50-150
20260928_092152,720p_n400_r2,2026-09-28T09:24:26,720p,1280,720,400,0.9216,28.100873,0.070252,14.2344,18.132,36.0,105.289,128.449,23.16,2,400,0,139,8319.926,8319.926,0.0,12,resize=1.0;blur=31x31;sigma=7.0;pasadas_blur=3;pasadas_canny=1;pasadas_pipeline=5;canny=50-150
20260928_092152,720p_n400_r3,2026-09-28T09:24:54,720p,1280,720,400,0.9216,28.382353,0.070956,14.0933,19.326,84.0,106.141,128.48,22.34,3,400,0,141,8288.945,8424.324,135.379,12,resize=1.0;blur=31x31;sigma=7.0;pasadas_blur=3;pasadas_canny=1;pasadas_pipeline=5;canny=50-150
20260928_092152,720p_n600_r1,2026-09-28T09:25:38,720p,1280,720,600,0.9216,43.343394,0.072239,13.8429,17.865,52.8,104.379,128.402,24.023,1,600,0,215,8250.262,8285.902,35.641,12,resize=1.0;blur=31x31;sigma=7.0;pasadas_blur=3;pasadas_canny=1;pasadas_pipeline=5;canny=50-150
20260928_092152,720p_n600_r2,2026-09-28T09:26:26,720p,1280,720,600,0.9216,48.050716,0.080085,12.4868,24.75,91.1,111.918,129.008,17.09,2,600,0,239,8206.773,8861.082,654.309,12,resize=1.0;blur=31x31;sigma=7.0;pasadas_blur=3;pasadas_canny=1;pasadas_pipeline=5;canny=50-150
20260928_092152,720p_n600_r3,2026-09-28T09:27:10,720p,1280,720,600,0.9216,44.251998,0.073753,13.5587,19.834,73.8,112.832,128.844,16.012,3,600,0,220,8724.766,8755.008,30.242,12,resize=1.0;blur=31x31;sigma=7.0;pasadas_blur=3;pasadas_canny=1;pasadas_pipeline=5;canny=50-150
20260928_092152,1080p_n50_r1,2026-09-28T09:27:46,1080p,1920,1080,50,2.0736,6.428204,0.128564,7.7782,61.826,81.0,113.445,156.539,43.094,1,50,0,31,8036.652,8075.125,38.473,12,resize=1.0;blur=31x31;sigma=7.0;pasadas_blur=3;pasadas_canny=1;pasadas_pipeline=5;canny=50-150
20260928_092152,1080p_n50_r2,2026-09-28T09:27:53,1080p,1920,1080,50,2.0736,6.064273,0.121285,8.245,60.987,76.6,114.938,156.535,41.598,2,50,0,30,8017.5,8062.016,44.516,12,resize=1.0;blur=31x31;sigma=7.0;pasadas_blur=3;pasadas_canny=1;pasadas_pipeline=5;canny=50-150
20260928_092152,1080p_n50_r3,2026-09-28T09:27:59,1080p,1920,1080,50,2.0736,6.04172,0.120834,8.2758,60.166,78.6,114.945,156.539,41.594,3,50,0,29,8020.855,8061.344,40.488,12,resize=1.0;blur=31x31;sigma=7.0;pasadas_blur=3;pasadas_canny=1;pasadas_pipeline=5;canny=50-150
20260928_092152,1080p_n100_r1,2026-09-28T09:28:11,1080p,1920,1080,100,2.0736,12.409448,0.124094,8.0584,57.421,77.4,114.609,156.531,41.922,1,100,0,61,8029.227,8074.746,45.52,12,resize=1.0;blur=31x31;sigma=7.0;pasadas_blur=3;pasadas_canny=1;pasadas_pipeline=5;canny=50-150
20260928_092152,1080p_n100_r2,2026-09-28T09:28:24,1080p,1920,1080,100,2.0736,12.146902,0.121469,8.2326,63.642,92.3,105.664,156.562,50.898,2,100,0,60,8029.859,8134.953,105.094,12,resize=1.0;blur=31x31;sigma=7.0;pasadas_blur=3;pasadas_canny=1;pasadas_pipeline=5;canny=50-150
20260928_092152,1080p_n100_r3,2026-09-28T09:28:36,1080p,1920,1080,100,2.0736,12.194565,0.121946,8.2004,61.653,92.5,114.973,156.641,41.668,3,100,0,60,8089.996,8154.688,64.691,12,resize=1.0;blur=31x31;sigma=7.0;pasadas_blur=3;pasadas_canny=1;pasadas_pipeline=5;canny=50-150
20260928_092152,1080p_n200_r1,2026-09-28T09:29:01,1080p,1920,1080,200,2.0736,24.739506,0.123698,8.0842,59.881,83.0,114.918,156.641,41.723,1,200,0,122,8100.789,8178.406,77.617,12,resize=1.0;blur=31x31;sigma=7.0;pasadas_blur=3;pasadas_canny=1;pasadas_pipeline=5;canny=50-150
20260928_092152,1080p_n200_r2,2026-09-28T09:29:25,1080p,1920,1080,200,2.0736,24.135223,0.120676,8.2866,61.833,81.5,114.84,156.555,41.715,2,200,0,119,8132.406,8173.98,41.574,12,resize=1.0;blur=31x31;sigma=7.0;pasadas_blur=3;pasadas_canny=1;pasadas_pipeline=5;canny=50-150
20260928_092152,1080p_n200_r3,2026-09-28T09:29:50,1080p,1920,1080,200,2.0736,24.266718,0.121334,8.2417,61.195,84.2,114.879,156.648,41.77,3,200,0,120,8128.645,8159.918,31.273,12,resize=1.0;blur=31x31;sigma=7.0;pasadas_blur=3;pasadas_canny=1;pasadas_pipeline=5;canny=50-150
20260928_092152,1080p_n400_r1,2026-09-28T09:30:40,1080p,1920,1080,400,2.0736,49.827758,0.124569,8.0277,60.452,90.0,114.852,156.559,41.707,1,400,0,246,8121.707,8216.09,94.383,12,resize=1.0;blur=31x31;sigma=7.0;pasadas_blur=3;pasadas_canny=1;pasadas_pipeline=5;canny=50-150
20260928_092152,1080p_n400_r2,2026-09-28T09:31:32,1080p,1920,1080,400,2.0736,52.40405,0.13101,7.633,65.601,100.0,114.891,156.793,41.902,2,400,0,259,8162.836,8885.457,722.621,12,resize=1.0;blur=31x31;sigma=7.0;pasadas_blur=3;pasadas_canny=1;pasadas_pipeline=5;canny=50-150
20260928_092152,1080p_n400_r3,2026-09-28T09:32:25,1080p,1920,1080,400,2.0736,52.759743,0.131899,7.5815,65.609,100.0,114.527,156.688,42.16,3,400,0,260,8456.383,8847.07,390.688,12,resize=1.0;blur=31x31;sigma=7.0;pasadas_blur=3;pasadas_canny=1;pasadas_pipeline=5;canny=50-150
20260928_092152,1080p_n600_r1,2026-09-28T09:33:40,1080p,1920,1080,600,2.0736,75.022002,0.125037,7.9977,60.824,96.7,114.922,156.859,41.938,1,600,0,371,8638.996,8772.688,133.691,12,resize=1.0;blur=31x31;sigma=7.0;pasadas_blur=3;pasadas_canny=1;pasadas_pipeline=5;canny=50-150
20260928_092152,1080p_n600_r2,2026-09-28T09:34:55,1080p,1920,1080,600,2.0736,74.644272,0.124407,8.0381,62.257,93.7,114.926,156.508,41.582,2,600,0,369,8491.137,8525.652,34.516,12,resize=1.0;blur=31x31;sigma=7.0;pasadas_blur=3;pasadas_canny=1;pasadas_pipeline=5;canny=50-150
20260928_092152,1080p_n600_r3,2026-09-28T09:36:11,1080p,1920,1080,600,2.0736,75.865733,0.126443,7.9087,63.83,100.0,112.617,154.242,41.625,3,600,0,374,8013.004,8683.414,670.41,12,resize=1.0;blur=31x31;sigma=7.0;pasadas_blur=3;pasadas_canny=1;pasadas_pipeline=5;canny=50-150
20260928_092152,1440p_n50_r1,2026-09-28T09:37:15,1440p,2560,1440,50,3.6864,10.731735,0.214635,4.6591,61.342,95.1,114.809,190.18,75.371,1,50,0,52,8531.059,8675.23,144.172,12,resize=1.0;blur=31x31;sigma=7.0;pasadas_blur=3;pasadas_canny=1;pasadas_pipeline=5;canny=50-150
20260928_092152,1440p_n50_r2,2026-09-28T09:37:25,1440p,2560,1440,50,3.6864,10.346601,0.206932,4.8325,62.575,98.7,115.34,189.246,73.906,2,50,0,51,8576.871,8614.594,37.723,12,resize=1.0;blur=31x31;sigma=7.0;pasadas_blur=3;pasadas_canny=1;pasadas_pipeline=5;canny=50-150
20260928_092152,1440p_n50_r3,2026-09-28T09:37:36,1440p,2560,1440,50,3.6864,10.512364,0.210247,4.7563,66.314,94.3,115.934,190.391,74.457,3,50,0,51,8221.824,8295.113,73.289,12,resize=1.0;blur=31x31;sigma=7.0;pasadas_blur=3;pasadas_canny=1;pasadas_pipeline=5;canny=50-150
20260928_092152,1440p_n100_r1,2026-09-28T09:37:56,1440p,2560,1440,100,3.6864,20.097278,0.200973,4.9758,59.139,74.7,115.789,191.012,75.223,1,100,0,99,8092.461,8177.598,85.137,12,resize=1.0;blur=31x31;sigma=7.0;pasadas_blur=3;pasadas_canny=1;pasadas_pipeline=5;canny=50-150
20260928_092152,1440p_n100_r2,2026-09-28T09:38:16,1440p,2560,1440,100,3.6864,20.090814,0.200908,4.9774,61.023,86.0,115.301,190.406,75.105,2,100,0,99,8101.238,8217.898,116.66,12,resize=1.0;blur=31x31;sigma=7.0;pasadas_blur=3;pasadas_canny=1;pasadas_pipeline=5;canny=50-150
20260928_092152,1440p_n100_r3,2026-09-28T09:38:36,1440p,2560,1440,100,3.6864,19.992449,0.199924,5.0019,60.284,81.0,115.18,190.406,75.227,3,100,0,98,8039.098,8239.941,200.844,12,resize=1.0;blur=31x31;sigma=7.0;pasadas_blur=3;pasadas_canny=1;pasadas_pipeline=5;canny=50-150
20260928_092152,1440p_n200_r1,2026-09-28T09:39:17,1440p,2560,1440,200,3.6864,40.149567,0.200748,4.9814,57.985,75.2,115.934,190.984,75.051,1,200,0,198,8087.973,8200.984,113.012,12,resize=1.0;blur=31x31;sigma=7.0;pasadas_blur=3;pasadas_canny=1;pasadas_pipeline=5;canny=50-150
20260928_092152,1440p_n200_r2,2026-09-28T09:39:57,1440p,2560,1440,200,3.6864,39.766615,0.198833,5.0293,60.529,84.7,115.309,191.004,75.695,2,200,0,196,8131.184,8182.602,51.418,12,resize=1.0;blur=31x31;sigma=7.0;pasadas_blur=3;pasadas_canny=1;pasadas_pipeline=5;canny=50-150
20260928_092152,1440p_n200_r3,2026-09-28T09:40:36,1440p,2560,1440,200,3.6864,39.548055,0.19774,5.0571,59.862,80.5,104.16,192.633,88.473,3,200,0,195,8096.199,8187.129,90.93,12,resize=1.0;blur=31x31;sigma=7.0;pasadas_blur=3;pasadas_canny=1;pasadas_pipeline=5;canny=50-150
20260928_092152,1440p_n400_r1,2026-09-28T09:42:01,1440p,2560,1440,400,3.6864,84.598825,0.211497,4.7282,63.113,100.0,116.348,194.016,77.668,1,400,0,417,8122.91,8897.48,774.57,12,resize=1.0;blur=31x31;sigma=7.0;pasadas_blur=3;pasadas_canny=1;pasadas_pipeline=5;canny=50-150
20260928_092152,1440p_n400_r2,2026-09-28T09:43:21,1440p,2560,1440,400,3.6864,79.893919,0.199735,5.0066,61.358,92.5,119.477,194.02,74.543,2,400,0,394,8509.758,8692.551,182.793,12,resize=1.0;blur=31x31;sigma=7.0;pasadas_blur=3;pasadas_canny=1;pasadas_pipeline=5;canny=50-150
20260928_092152,1440p_n400_r3,2026-09-28T09:44:41,1440p,2560,1440,400,3.6864,79.017924,0.197545,5.0621,60.892,93.7,119.41,194.031,74.621,3,400,0,390,8155.578,8371.117,215.539,12,resize=1.0;blur=31x31;sigma=7.0;pasadas_blur=3;pasadas_canny=1;pasadas_pipeline=5;canny=50-150
20260928_092152,1440p_n600_r1,2026-09-28T09:46:44,1440p,2560,1440,600,3.6864,123.30256,0.205504,4.8661,62.031,100.0,119.414,193.949,74.535,1,600,0,608,8049.738,8794.965,745.227,12,resize=1.0;blur=31x31;sigma=7.0;pasadas_blur=3;pasadas_canny=1;pasadas_pipeline=5;canny=50-150
20260928_092152,1440p_n600_r2,2026-09-28T09:48:48,1440p,2560,1440,600,3.6864,124.028691,0.206714,4.8376,63.933,100.0,119.422,193.953,74.531,2,600,0,611,8400.895,8918.68,517.785,12,resize=1.0;blur=31x31;sigma=7.0;pasadas_blur=3;pasadas_canny=1;pasadas_pipeline=5;canny=50-150
20260928_092152,1440p_n600_r3,2026-09-28T09:50:47,1440p,2560,1440,600,3.6864,118.607161,0.197679,5.0587,60.945,94.5,120.023,193.953,73.93,3,600,0,585,8343.676,8449.332,105.656,12,resize=1.0;blur=31x31;sigma=7.0;pasadas_blur=3;pasadas_canny=1;pasadas_pipeline=5;canny=50-150
20260928_092152,4K_n50_r1,2026-09-28T09:52:55,4K,3840,2160,50,8.2944,21.393326,0.427867,2.3372,59.298,100.0,100.684,267.531,166.848,1,50,0,104,8556.355,8700.113,143.758,12,resize=1.0;blur=31x31;sigma=7.0;pasadas_blur=3;pasadas_canny=1;pasadas_pipeline=5;canny=50-150
20260928_092152,4K_n50_r2,2026-09-28T09:53:16,4K,3840,2160,50,8.2944,20.842602,0.416852,2.3989,59.11,97.9,101.348,267.52,166.172,2,50,0,101,8341.363,8564.273,222.91,12,resize=1.0;blur=31x31;sigma=7.0;pasadas_blur=3;pasadas_canny=1;pasadas_pipeline=5;canny=50-150
20260928_092152,4K_n50_r3,2026-09-28T09:53:38,4K,3840,2160,50,8.2944,21.387532,0.427751,2.3378,62.298,100.0,101.355,267.52,166.164,3,50,0,104,8383.02,8515.621,132.602,12,resize=1.0;blur=31x31;sigma=7.0;pasadas_blur=3;pasadas_canny=1;pasadas_pipeline=5;canny=50-150
20260928_092152,4K_n100_r1,2026-09-28T09:54:20,4K,3840,2160,100,8.2944,41.887064,0.418871,2.3874,59.491,99.4,98.086,267.527,169.441,1,100,0,205,8097.363,8254.281,156.918,12,resize=1.0;blur=31x31;sigma=7.0;pasadas_blur=3;pasadas_canny=1;pasadas_pipeline=5;canny=50-150
20260928_092152,4K_n100_r2,2026-09-28T09:55:03,4K,3840,2160,100,8.2944,42.549792,0.425498,2.3502,62.143,100.0,100.824,267.449,166.625,2,100,0,207,8071.871,8263.219,191.348,12,resize=1.0;blur=31x31;sigma=7.0;pasadas_blur=3;pasadas_canny=1;pasadas_pipeline=5;canny=50-150
20260928_092152,4K_n100_r3,2026-09-28T09:55:45,4K,3840,2160,100,8.2944,42.315456,0.423155,2.3632,60.88,100.0,101.297,271.668,170.371,3,100,0,206,7997.945,8171.223,173.277,12,resize=1.0;blur=31x31;sigma=7.0;pasadas_blur=3;pasadas_canny=1;pasadas_pipeline=5;canny=50-150
20260928_092152,4K_n200_r1,2026-09-28T09:57:11,4K,3840,2160,200,8.2944,86.106241,0.430531,2.3227,60.376,100.0,100.531,267.492,166.961,1,200,0,419,7860.086,8432.41,572.324,12,resize=1.0;blur=31x31;sigma=7.0;pasadas_blur=3;pasadas_canny=1;pasadas_pipeline=5;canny=50-150
20260928_092152,4K_n200_r2,2026-09-28T09:58:39,4K,3840,2160,200,8.2944,87.508089,0.43754,2.2855,62.469,100.0,95.59,265.066,169.477,2,200,0,426,8319.172,8972.348,653.176,12,resize=1.0;blur=31x31;sigma=7.0;pasadas_blur=3;pasadas_canny=1;pasadas_pipeline=5;canny=50-150
20260928_092152,4K_n200_r3,2026-09-28T10:00:10,4K,3840,2160,200,8.2944,91.786986,0.458935,2.179,65.477,100.0,98.891,265.066,166.176,3,200,0,444,8190.586,9504.238,1313.652,12,resize=1.0;blur=31x31;sigma=7.0;pasadas_blur=3;pasadas_canny=1;pasadas_pipeline=5;canny=50-150
20260928_092152,4K_n400_r1,2026-09-28T10:03:04,4K,3840,2160,400,8.2944,173.288538,0.433221,2.3083,61.3,100.0,98.879,265.113,166.234,1,400,0,844,8392.973,8911.277,518.305,12,resize=1.0;blur=31x31;sigma=7.0;pasadas_blur=3;pasadas_canny=1;pasadas_pipeline=5;canny=50-150
20260928_092152,4K_n400_r2,2026-09-28T10:05:56,4K,3840,2160,400,8.2944,171.705948,0.429265,2.3296,61.653,100.0,98.828,269.785,170.957,2,400,0,838,8408.25,8630.859,222.609,12,resize=1.0;blur=31x31;sigma=7.0;pasadas_blur=3;pasadas_canny=1;pasadas_pipeline=5;canny=50-150
20260928_092152,4K_n400_r3,2026-09-28T10:08:49,4K,3840,2160,400,8.2944,173.382406,0.433456,2.307,62.296,100.0,98.895,265.059,166.164,3,400,0,845,8029.363,9046.039,1016.676,12,resize=1.0;blur=31x31;sigma=7.0;pasadas_blur=3;pasadas_canny=1;pasadas_pipeline=5;canny=50-150
20260928_092152,4K_n600_r1,2026-09-28T10:13:11,4K,3840,2160,600,8.2944,261.326003,0.435543,2.296,61.866,100.0,96.562,264.797,168.234,1,600,0,1275,8331.969,8885.117,553.148,12,resize=1.0;blur=31x31;sigma=7.0;pasadas_blur=3;pasadas_canny=1;pasadas_pipeline=5;canny=50-150
20260928_092152,4K_n600_r2,2026-09-28T10:17:31,4K,3840,2160,600,8.2944,259.715331,0.432859,2.3102,61.755,100.0,92.184,266.059,173.875,2,600,0,1268,8356.535,8910.117,553.582,12,resize=1.0;blur=31x31;sigma=7.0;pasadas_blur=3;pasadas_canny=1;pasadas_pipeline=5;canny=50-150
20260928_092152,4K_n600_r3,2026-09-28T10:21:48,4K,3840,2160,600,8.2944,257.451614,0.429086,2.3305,62.843,100.0,95.523,265.809,170.285,3,600,0,1254,8485.34,9023.547,538.207,12,resize=1.0;blur=31x31;sigma=7.0;pasadas_blur=3;pasadas_canny=1;pasadas_pipeline=5;canny=50-150
20260928_144047,secuencial_720p_n50_p1_r1,2026-09-28T14:41:32,secuencial,1,720p,1280,720,50,0.9216,3.992267,0.079845,12.5242,17.924,44.7,105.875,126.789,20.914,1,50,0,37,4725.633,4746.582,20.949,12,False,resize=1.0;blur=31x31;sigma=7.0;pasadas_blur=3;pasadas_canny=1;pasadas_pipeline=5;canny=50-150
20260928_144047,secuencial_720p_n50_p1_r2,2026-09-28T14:41:35,secuencial,1,720p,1280,720,50,0.9216,3.54266,0.070853,14.1137,19.039,34.1,107.77,130.293,22.523,2,50,0,33,4727.344,4746.562,19.219,12,False,resize=1.0;blur=31x31;sigma=7.0;pasadas_blur=3;pasadas_canny=1;pasadas_pipeline=5;canny=50-150
20260928_144047,secuencial_720p_n50_p1_r3,2026-09-28T14:41:39,secuencial,1,720p,1280,720,50,0.9216,3.742314,0.074846,13.3607,24.346,49.4,114.785,130.598,15.812,3,50,0,35,4733.879,4854.75,120.871,12,False,resize=1.0;blur=31x31;sigma=7.0;pasadas_blur=3;pasadas_canny=1;pasadas_pipeline=5;canny=50-150
20260928_144047,secuencial_720p_n100_p1_r1,2026-09-28T14:41:47,secuencial,1,720p,1280,720,100,0.9216,7.745286,0.077453,12.9111,18.528,38.2,108.785,130.988,22.203,1,100,0,72,4749.926,4771.902,21.977,12,False,resize=1.0;blur=31x31;sigma=7.0;pasadas_blur=3;pasadas_canny=1;pasadas_pipeline=5;canny=50-150
20260928_144047,secuencial_720p_n100_p1_r2,2026-09-28T14:41:54,secuencial,1,720p,1280,720,100,0.9216,7.396679,0.073967,13.5196,18.272,33.3,107.828,130.789,22.961,2,100,0,69,4749.723,4783.789,34.066,12,False,resize=1.0;blur=31x31;sigma=7.0;pasadas_blur=3;pasadas_canny=1;pasadas_pipeline=5;canny=50-150
20260928_144047,secuencial_720p_n100_p1_r3,2026-09-28T14:42:02,secuencial,1,720p,1280,720,100,0.9216,7.493706,0.074937,13.3445,18.243,75.3,106.949,131.133,24.184,3,100,0,70,4770.582,4777.312,6.73,12,False,resize=1.0;blur=31x31;sigma=7.0;pasadas_blur=3;pasadas_canny=1;pasadas_pipeline=5;canny=50-150
20260928_144047,secuencial_720p_n200_p1_r1,2026-09-28T14:42:17,secuencial,1,720p,1280,720,200,0.9216,15.260204,0.076301,13.106,18.094,44.0,114.914,131.129,16.215,1,200,0,143,4765.242,4781.051,15.809,12,False,resize=1.0;blur=31x31;sigma=7.0;pasadas_blur=3;pasadas_canny=1;pasadas_pipeline=5;canny=50-150
20260928_144047,secuencial_720p_n200_p1_r2,2026-09-28T14:42:32,secuencial,1,720p,1280,720,200,0.9216,14.782682,0.073913,13.5293,18.379,47.0,115.109,130.949,15.84,2,200,0,138,4752.102,4763.586,11.484,12,False,resize=1.0;blur=31x31;sigma=7.0;pasadas_blur=3;pasadas_canny=1;pasadas_pipeline=5;canny=50-150
20260928_144047,secuencial_720p_n200_p1_r3,2026-09-28T14:42:47,secuencial,1,720p,1280,720,200,0.9216,14.891346,0.074457,13.4306,18.522,36.2,107.051,131.094,24.043,3,200,0,139,4736.082,4773.477,37.395,12,False,resize=1.0;blur=31x31;sigma=7.0;pasadas_blur=3;pasadas_canny=1;pasadas_pipeline=5;canny=50-150
20260928_144047,secuencial_720p_n400_p1_r1,2026-09-28T14:43:18,secuencial,1,720p,1280,720,400,0.9216,30.810265,0.077026,12.9827,17.573,46.3,112.934,131.09,18.156,1,400,0,289,4759.469,4848.418,88.949,12,False,resize=1.0;blur=31x31;sigma=7.0;pasadas_blur=3;pasadas_canny=1;pasadas_pipeline=5;canny=50-150
20260928_144047,secuencial_720p_n400_p1_r2,2026-09-28T14:43:48,secuencial,1,720p,1280,720,400,0.9216,29.688361,0.074221,13.4733,18.031,59.5,108.895,131.262,22.367,2,400,0,278,4826.648,4925.141,98.492,12,False,resize=1.0;blur=31x31;sigma=7.0;pasadas_blur=3;pasadas_canny=1;pasadas_pipeline=5;canny=50-150
20260928_144047,secuencial_720p_n400_p1_r3,2026-09-28T14:44:18,secuencial,1,720p,1280,720,400,0.9216,30.274224,0.075686,13.2126,18.651,65.3,107.34,131.277,23.938,3,400,0,283,4902.086,4970.891,68.805,12,False,resize=1.0;blur=31x31;sigma=7.0;pasadas_blur=3;pasadas_canny=1;pasadas_pipeline=5;canny=50-150
20260928_144047,secuencial_720p_n600_p1_r1,2026-09-28T14:45:05,secuencial,1,720p,1280,720,600,0.9216,46.70454,0.077841,12.8467,18.059,64.7,107.227,131.266,24.039,1,600,0,438,4947.945,5036.984,89.039,12,False,resize=1.0;blur=31x31;sigma=7.0;pasadas_blur=3;pasadas_canny=1;pasadas_pipeline=5;canny=50-150
20260928_144047,secuencial_720p_n600_p1_r2,2026-09-28T14:45:52,secuencial,1,720p,1280,720,600,0.9216,46.736525,0.077894,12.8379,18.522,94.4,114.832,131.395,16.562,2,600,0,437,5011.414,5079.152,67.738,12,False,resize=1.0;blur=31x31;sigma=7.0;pasadas_blur=3;pasadas_canny=1;pasadas_pipeline=5;canny=50-150
20260928_144047,secuencial_720p_n600_p1_r3,2026-09-28T14:46:38,secuencial,1,720p,1280,720,600,0.9216,46.022154,0.076704,13.0372,18.22,75.0,115.34,131.578,16.238,3,600,0,431,5049.23,5081.926,32.695,12,False,resize=1.0;blur=31x31;sigma=7.0;pasadas_blur=3;pasadas_canny=1;pasadas_pipeline=5;canny=50-150
20260928_144047,secuencial_720p_n1000_p1_r1,2026-09-28T14:47:56,secuencial,1,720p,1280,720,1000,0.9216,78.128635,0.078129,12.7994,17.452,57.5,109.359,131.785,22.426,1,1000,0,733,5043.871,5120.613,76.742,12,False,resize=1.0;blur=31x31;sigma=7.0;pasadas_blur=3;pasadas_canny=1;pasadas_pipeline=5;canny=50-150
20260928_144047,secuencial_720p_n1000_p1_r2,2026-09-28T14:49:47,secuencial,1,720p,1280,720,1000,0.9216,110.696614,0.110697,9.0337,20.146,53.0,115.168,131.551,16.383,2,1000,0,1029,5086.637,5293.727,207.09,12,False,resize=1.0;blur=31x31;sigma=7.0;pasadas_blur=3;pasadas_canny=1;pasadas_pipeline=5;canny=50-150
20260928_144047,secuencial_720p_n1000_p1_r3,2026-09-28T14:51:43,secuencial,1,720p,1280,720,1000,0.9216,115.972827,0.115973,8.6227,20.999,75.3,107.484,132.012,24.527,3,1000,0,1078,5108.754,5290.707,181.953,12,False,resize=1.0;blur=31x31;sigma=7.0;pasadas_blur=3;pasadas_canny=1;pasadas_pipeline=5;canny=50-150
20260928_144047,secuencial_720p_n1500_p1_r1,2026-09-28T14:53:41,secuencial,1,720p,1280,720,1500,0.9216,117.242877,0.078162,12.794,19.24,79.2,107.59,132.047,24.457,1,1500,0,1101,5220.375,5288.48,68.105,12,False,resize=1.0;blur=31x31;sigma=7.0;pasadas_blur=3;pasadas_canny=1;pasadas_pipeline=5;canny=50-150
20260928_144047,secuencial_720p_n1500_p1_r2,2026-09-28T14:55:34,secuencial,1,720p,1280,720,1500,0.9216,113.384161,0.075589,13.2294,19.136,80.0,115.258,131.891,16.633,2,1500,0,1064,5262.305,5500.09,237.785,12,False,resize=1.0;blur=31x31;sigma=7.0;pasadas_blur=3;pasadas_canny=1;pasadas_pipeline=5;canny=50-150
20260928_144047,secuencial_720p_n1500_p1_r3,2026-09-28T14:57:27,secuencial,1,720p,1280,720,1500,0.9216,112.680522,0.07512,13.312,18.519,65.7,115.734,132.031,16.297,3,1500,0,1057,5445.469,5542.238,96.77,12,False,resize=1.0;blur=31x31;sigma=7.0;pasadas_blur=3;pasadas_canny=1;pasadas_pipeline=5;canny=50-150
20260928_144047,secuencial_720p_n2000_p1_r1,2026-09-28T14:59:59,secuencial,1,720p,1280,720,2000,0.9216,151.933537,0.075967,13.1637,18.127,65.1,108.438,131.676,23.238,1,2000,0,1427,5453.695,5652.797,199.102,12,False,resize=1.0;blur=31x31;sigma=7.0;pasadas_blur=3;pasadas_canny=1;pasadas_pipeline=5;canny=50-150
20260928_144047,secuencial_720p_n2000_p1_r2,2026-09-28T15:02:31,secuencial,1,720p,1280,720,2000,0.9216,152.020152,0.07601,13.1562,17.605,90.8,107.715,131.719,24.004,2,2000,0,1428,5485.832,5545.703,59.871,12,False,resize=1.0;blur=31x31;sigma=7.0;pasadas_blur=3;pasadas_canny=1;pasadas_pipeline=5;canny=50-150
20260928_144047,secuencial_720p_n2000_p1_r3,2026-09-28T15:05:04,secuencial,1,720p,1280,720,2000,0.9216,152.633955,0.076317,13.1032,17.409,83.7,107.469,131.57,24.102,3,2000,0,1433,5450.914,5607.793,156.879,12,False,resize=1.0;blur=31x31;sigma=7.0;pasadas_blur=3;pasadas_canny=1;pasadas_pipeline=5;canny=50-150
20260928_144047,secuencial_1080p_n50_p1_r1,2026-09-28T15:06:45,secuencial,1,1080p,1920,1080,50,2.0736,6.696995,0.13394,7.466,60.348,86.1,120.637,161.785,41.148,1,50,0,60,5549.613,5588.039,38.426,12,False,resize=1.0;blur=31x31;sigma=7.0;pasadas_blur=3;pasadas_canny=1;pasadas_pipeline=5;canny=50-150
20260928_144047,secuencial_1080p_n50_p1_r2,2026-09-28T15:06:52,secuencial,1,1080p,1920,1080,50,2.0736,6.586988,0.13174,7.5907,61.671,88.2,119.492,162.102,42.609,2,50,0,59,5532.383,5573.992,41.609,12,False,resize=1.0;blur=31x31;sigma=7.0;pasadas_blur=3;pasadas_canny=1;pasadas_pipeline=5;canny=50-150
20260928_144047,secuencial_1080p_n50_p1_r3,2026-09-28T15:06:58,secuencial,1,1080p,1920,1080,50,2.0736,6.544284,0.130886,7.6403,61.464,85.7,120.531,162.125,41.594,3,50,0,59,5529.348,5581.336,51.988,12,False,resize=1.0;blur=31x31;sigma=7.0;pasadas_blur=3;pasadas_canny=1;pasadas_pipeline=5;canny=50-150
20260928_144047,secuencial_1080p_n100_p1_r1,2026-09-28T15:07:13,secuencial,1,1080p,1920,1080,100,2.0736,14.778369,0.147784,6.7666,64.334,100.0,119.633,162.34,42.707,1,100,0,132,5537.902,5841.727,303.824,12,False,resize=1.0;blur=31x31;sigma=7.0;pasadas_blur=3;pasadas_canny=1;pasadas_pipeline=5;canny=50-150
20260928_144047,secuencial_1080p_n100_p1_r2,2026-09-28T15:07:26,secuencial,1,1080p,1920,1080,100,2.0736,12.951464,0.129515,7.7211,61.052,86.5,119.941,162.379,42.438,2,100,0,117,5774.301,5814.246,39.945,12,False,resize=1.0;blur=31x31;sigma=7.0;pasadas_blur=3;pasadas_canny=1;pasadas_pipeline=5;canny=50-150
20260928_144047,secuencial_1080p_n100_p1_r3,2026-09-28T15:07:39,secuencial,1,1080p,1920,1080,100,2.0736,12.95692,0.129569,7.7179,57.839,91.9,120.562,162.195,41.633,3,100,0,117,5770.789,5813.418,42.629,12,False,resize=1.0;blur=31x31;sigma=7.0;pasadas_blur=3;pasadas_canny=1;pasadas_pipeline=5;canny=50-150
20260928_144047,secuencial_1080p_n200_p1_r1,2026-09-28T15:08:06,secuencial,1,1080p,1920,1080,200,2.0736,26.612749,0.133064,7.5152,57.466,97.4,119.543,162.199,42.656,1,200,0,242,5761.676,5827.043,65.367,12,False,resize=1.0;blur=31x31;sigma=7.0;pasadas_blur=3;pasadas_canny=1;pasadas_pipeline=5;canny=50-150
20260928_144047,secuencial_1080p_n200_p1_r2,2026-09-28T15:08:32,secuencial,1,1080p,1920,1080,200,2.0736,25.865706,0.129329,7.7322,56.852,90.1,120.102,162.445,42.344,2,200,0,235,5776.035,5820.422,44.387,12,False,resize=1.0;blur=31x31;sigma=7.0;pasadas_blur=3;pasadas_canny=1;pasadas_pipeline=5;canny=50-150
20260928_144047,secuencial_1080p_n200_p1_r3,2026-09-28T15:08:58,secuencial,1,1080p,1920,1080,200,2.0736,25.808272,0.129041,7.7495,57.561,88.3,120.484,162.508,42.023,3,200,0,235,5757.836,5836.195,78.359,12,False,resize=1.0;blur=31x31;sigma=7.0;pasadas_blur=3;pasadas_canny=1;pasadas_pipeline=5;canny=50-150
20260928_144047,secuencial_1080p_n400_p1_r1,2026-09-28T15:09:52,secuencial,1,1080p,1920,1080,400,2.0736,53.610146,0.134025,7.4613,56.877,100.0,120.613,162.613,42.0,1,400,0,488,5796.457,6015.238,218.781,12,False,resize=1.0;blur=31x31;sigma=7.0;pasadas_blur=3;pasadas_canny=1;pasadas_pipeline=5;canny=50-150
20260928_144047,secuencial_1080p_n400_p1_r2,2026-09-28T15:10:43,secuencial,1,1080p,1920,1080,400,2.0736,51.595178,0.128988,7.7527,58.553,93.2,120.941,162.602,41.66,2,400,0,470,5812.133,5857.75,45.617,12,False,resize=1.0;blur=31x31;sigma=7.0;pasadas_blur=3;pasadas_canny=1;pasadas_pipeline=5;canny=50-150
20260928_144047,secuencial_1080p_n400_p1_r3,2026-09-28T15:11:42,secuencial,1,1080p,1920,1080,400,2.0736,58.487585,0.146219,6.8391,64.397,100.0,112.016,162.562,50.547,3,400,0,523,5785.43,6184.852,399.422,12,False,resize=1.0;blur=31x31;sigma=7.0;pasadas_blur=3;pasadas_canny=1;pasadas_pipeline=5;canny=50-150
20260928_144047,secuencial_1080p_n600_p1_r1,2026-09-28T15:13:02,secuencial,1,1080p,1920,1080,600,2.0736,79.665222,0.132775,7.5315,57.665,95.5,110.211,162.477,52.266,1,600,0,723,6078.488,6194.031,115.543,12,False,resize=1.0;blur=31x31;sigma=7.0;pasadas_blur=3;pasadas_canny=1;pasadas_pipeline=5;canny=50-150
20260928_144047,secuencial_1080p_n600_p1_r2,2026-09-28T15:14:20,secuencial,1,1080p,1920,1080,600,2.0736,77.880083,0.1298,7.7042,59.686,96.6,118.395,160.41,42.016,2,600,0,708,5938.895,6057.008,118.113,12,False,resize=1.0;blur=31x31;sigma=7.0;pasadas_blur=3;pasadas_canny=1;pasadas_pipeline=5;canny=50-150
20260928_144047,secuencial_1080p_n600_p1_r3,2026-09-28T15:15:36,secuencial,1,1080p,1920,1080,600,2.0736,76.520603,0.127534,7.841,58.741,91.2,118.359,160.035,41.676,3,600,0,700,5940.75,5993.262,52.512,12,False,resize=1.0;blur=31x31;sigma=7.0;pasadas_blur=3;pasadas_canny=1;pasadas_pipeline=5;canny=50-150
20260928_144047,secuencial_1080p_n1000_p1_r1,2026-09-28T15:17:47,secuencial,1,1080p,1920,1080,1000,2.0736,130.903386,0.130903,7.6392,58.215,100.0,118.121,160.059,41.938,1,1000,0,1196,5933.816,6034.777,100.961,12,False,resize=1.0;blur=31x31;sigma=7.0;pasadas_blur=3;pasadas_canny=1;pasadas_pipeline=5;canny=50-150
20260928_144047,secuencial_1080p_n1000_p1_r2,2026-09-28T15:19:57,secuencial,1,1080p,1920,1080,1000,2.0736,129.92213,0.129922,7.6969,58.097,100.0,117.961,160.109,42.148,2,1000,0,1183,5962.434,6153.121,190.688,12,False,resize=1.0;blur=31x31;sigma=7.0;pasadas_blur=3;pasadas_canny=1;pasadas_pipeline=5;canny=50-150
20260928_144047,secuencial_1080p_n1000_p1_r3,2026-09-28T15:22:10,secuencial,1,1080p,1920,1080,1000,2.0736,132.349777,0.13235,7.5557,59.321,100.0,118.145,160.07,41.926,3,1000,0,1201,5967.82,6107.793,139.973,12,False,resize=1.0;blur=31x31;sigma=7.0;pasadas_blur=3;pasadas_canny=1;pasadas_pipeline=5;canny=50-150
20260928_144047,secuencial_1080p_n1500_p1_r1,2026-09-28T15:25:35,secuencial,1,1080p,1920,1080,1500,2.0736,205.482976,0.136989,7.2999,61.24,100.0,118.25,160.188,41.938,1,1500,0,1861,6076.09,6426.652,350.562,12,False,resize=1.0;blur=31x31;sigma=7.0;pasadas_blur=3;pasadas_canny=1;pasadas_pipeline=5;canny=50-150
20260928_144047,secuencial_1080p_n1500_p1_r2,2026-09-28T15:28:54,secuencial,1,1080p,1920,1080,1500,2.0736,198.23953,0.13216,7.5666,59.713,100.0,117.832,160.07,42.238,2,1500,0,1799,6355.453,6478.863,123.41,12,False,resize=1.0;blur=31x31;sigma=7.0;pasadas_blur=3;pasadas_canny=1;pasadas_pipeline=5;canny=50-150
20260928_144047,secuencial_1080p_n1500_p1_r3,2026-09-28T15:32:11,secuencial,1,1080p,1920,1080,1500,2.0736,197.065773,0.131377,7.6117,58.518,100.0,118.031,160.305,42.273,3,1500,0,1792,6256.188,6454.609,198.422,12,False,resize=1.0;blur=31x31;sigma=7.0;pasadas_blur=3;pasadas_canny=1;pasadas_pipeline=5;canny=50-150
20260928_144047,secuencial_1080p_n2000_p1_r1,2026-09-28T15:36:34,secuencial,1,1080p,1920,1080,2000,2.0736,263.417525,0.131709,7.5925,57.56,100.0,109.223,159.766,50.543,1,2000,0,2399,6271.992,6397.883,125.891,12,False,resize=1.0;blur=31x31;sigma=7.0;pasadas_blur=3;pasadas_canny=1;pasadas_pipeline=5;canny=50-150
20260928_144047,secuencial_1080p_n2000_p1_r2,2026-09-28T15:41:06,secuencial,1,1080p,1920,1080,2000,2.0736,271.338369,0.135669,7.3709,59.769,100.0,107.555,159.574,52.02,2,2000,0,2452,6330.207,6929.648,599.441,12,False,resize=1.0;blur=31x31;sigma=7.0;pasadas_blur=3;pasadas_canny=1;pasadas_pipeline=5;canny=50-150
20260928_144047,secuencial_1080p_n2000_p1_r3,2026-09-28T15:45:37,secuencial,1,1080p,1920,1080,2000,2.0736,271.186609,0.135593,7.375,60.489,100.0,107.586,159.824,52.238,3,2000,0,2449,6582.188,7230.715,648.527,12,False,resize=1.0;blur=31x31;sigma=7.0;pasadas_blur=3;pasadas_canny=1;pasadas_pipeline=5;canny=50-150
20260928_144047,secuencial_1440p_n50_p1_r1,2026-09-28T15:48:35,secuencial,1,1440p,2560,1440,50,3.6864,10.126429,0.202529,4.9376,62.385,100.0,119.855,198.445,78.59,1,50,0,91,6605.594,6671.199,65.605,12,False,resize=1.0;blur=31x31;sigma=7.0;pasadas_blur=3;pasadas_canny=1;pasadas_pipeline=5;canny=50-150
20260928_144047,secuencial_1440p_n50_p1_r2,2026-09-28T15:48:45,secuencial,1,1440p,2560,1440,50,3.6864,10.479291,0.209586,4.7713,58.628,100.0,122.133,198.449,76.316,2,50,0,94,6579.426,6652.977,73.551,12,False,resize=1.0;blur=31x31;sigma=7.0;pasadas_blur=3;pasadas_canny=1;pasadas_pipeline=5;canny=50-150
20260928_144047,secuencial_1440p_n50_p1_r3,2026-09-28T15:48:56,secuencial,1,1440p,2560,1440,50,3.6864,10.487681,0.209754,4.7675,57.249,86.9,124.484,199.621,75.137,3,50,0,94,6564.996,6638.082,73.086,12,False,resize=1.0;blur=31x31;sigma=7.0;pasadas_blur=3;pasadas_canny=1;pasadas_pipeline=5;canny=50-150
20260928_144047,secuencial_1440p_n100_p1_r1,2026-09-28T15:49:17,secuencial,1,1440p,2560,1440,100,3.6864,21.083046,0.21083,4.7431,58.474,88.2,110.273,199.789,89.516,1,100,0,189,6527.57,6660.148,132.578,12,False,resize=1.0;blur=31x31;sigma=7.0;pasadas_blur=3;pasadas_canny=1;pasadas_pipeline=5;canny=50-150
20260928_144047,secuencial_1440p_n100_p1_r2,2026-09-28T15:49:39,secuencial,1,1440p,2560,1440,100,3.6864,21.624866,0.216249,4.6243,60.18,94.2,123.93,199.801,75.871,2,100,0,193,6600.801,6799.777,198.977,12,False,resize=1.0;blur=31x31;sigma=7.0;pasadas_blur=3;pasadas_canny=1;pasadas_pipeline=5;canny=50-150
20260928_144047,secuencial_1440p_n100_p1_r3,2026-09-28T15:50:00,secuencial,1,1440p,2560,1440,100,3.6864,20.828183,0.208282,4.8012,59.196,100.0,125.773,199.793,74.02,3,100,0,188,6543.789,6628.012,84.223,12,False,resize=1.0;blur=31x31;sigma=7.0;pasadas_blur=3;pasadas_canny=1;pasadas_pipeline=5;canny=50-150
20260928_144047,secuencial_1440p_n200_p1_r1,2026-09-28T15:50:41,secuencial,1,1440p,2560,1440,200,3.6864,41.457,0.207285,4.8243,58.56,97.2,108.469,199.797,91.328,1,200,0,373,6534.891,6634.844,99.953,12,False,resize=1.0;blur=31x31;sigma=7.0;pasadas_blur=3;pasadas_canny=1;pasadas_pipeline=5;canny=50-150
20260928_144047,secuencial_1440p_n200_p1_r2,2026-09-28T15:51:23,secuencial,1,1440p,2560,1440,200,3.6864,41.953031,0.209765,4.7672,59.001,100.0,125.918,199.801,73.883,2,200,0,378,6531.375,6668.918,137.543,12,False,resize=1.0;blur=31x31;sigma=7.0;pasadas_blur=3;pasadas_canny=1;pasadas_pipeline=5;canny=50-150
20260928_144047,secuencial_1440p_n200_p1_r3,2026-09-28T15:52:05,secuencial,1,1440p,2560,1440,200,3.6864,41.42304,0.207115,4.8282,59.335,97.2,125.887,199.785,73.898,3,200,0,373,6582.52,6658.625,76.105,12,False,resize=1.0;blur=31x31;sigma=7.0;pasadas_blur=3;pasadas_canny=1;pasadas_pipeline=5;canny=50-150
20260928_144047,secuencial_1440p_n400_p1_r1,2026-09-28T15:53:28,secuencial,1,1440p,2560,1440,400,3.6864,82.927482,0.207319,4.8235,58.645,100.0,125.859,199.797,73.938,1,400,0,748,6560.188,6633.414,73.227,12,False,resize=1.0;blur=31x31;sigma=7.0;pasadas_blur=3;pasadas_canny=1;pasadas_pipeline=5;canny=50-150
20260928_144047,secuencial_1440p_n400_p1_r2,2026-09-28T15:54:51,secuencial,1,1440p,2560,1440,400,3.6864,82.569139,0.206423,4.8444,59.135,100.0,125.676,199.797,74.121,2,400,0,746,6498.422,6618.527,120.105,12,False,resize=1.0;blur=31x31;sigma=7.0;pasadas_blur=3;pasadas_canny=1;pasadas_pipeline=5;canny=50-150
20260928_144047,secuencial_1440p_n400_p1_r3,2026-09-28T15:56:14,secuencial,1,1440p,2560,1440,400,3.6864,83.37191,0.20843,4.7978,58.634,100.0,109.109,199.809,90.699,3,400,0,750,6359.633,6479.609,119.977,12,False,resize=1.0;blur=31x31;sigma=7.0;pasadas_blur=3;pasadas_canny=1;pasadas_pipeline=5;canny=50-150
20260928_144047,secuencial_1440p_n600_p1_r1,2026-09-28T15:58:18,secuencial,1,1440p,2560,1440,600,3.6864,123.968103,0.206614,4.84,59.173,100.0,125.934,199.805,73.871,1,600,0,1123,6373.992,6453.48,79.488,12,False,resize=1.0;blur=31x31;sigma=7.0;pasadas_blur=3;pasadas_canny=1;pasadas_pipeline=5;canny=50-150
20260928_144047,secuencial_1440p_n600_p1_r2,2026-09-28T16:00:21,secuencial,1,1440p,2560,1440,600,3.6864,122.769009,0.204615,4.8872,59.281,100.0,125.91,199.816,73.906,2,600,0,1113,6342.801,6573.277,230.477,12,False,resize=1.0;blur=31x31;sigma=7.0;pasadas_blur=3;pasadas_canny=1;pasadas_pipeline=5;canny=50-150
20260928_144047,secuencial_1440p_n600_p1_r3,2026-09-28T16:02:24,secuencial,1,1440p,2560,1440,600,3.6864,122.751429,0.204586,4.8879,59.414,100.0,110.965,199.809,88.844,3,600,0,1110,6299.746,6473.594,173.848,12,False,resize=1.0;blur=31x31;sigma=7.0;pasadas_blur=3;pasadas_canny=1;pasadas_pipeline=5;canny=50-150
20260928_144047,secuencial_1440p_n1000_p1_r1,2026-09-28T16:05:51,secuencial,1,1440p,2560,1440,1000,3.6864,207.118195,0.207118,4.8282,58.716,100.0,125.594,199.848,74.254,1,1000,0,1873,6247.254,6467.098,219.844,12,False,resize=1.0;blur=31x31;sigma=7.0;pasadas_blur=3;pasadas_canny=1;pasadas_pipeline=5;canny=50-150
20260928_144047,secuencial_1440p_n1000_p1_r2,2026-09-28T16:09:18,secuencial,1,1440p,2560,1440,1000,3.6864,207.003084,0.207003,4.8308,59.325,100.0,125.613,199.824,74.211,2,1000,0,1869,6313.484,6622.469,308.984,12,False,resize=1.0;blur=31x31;sigma=7.0;pasadas_blur=3;pasadas_canny=1;pasadas_pipeline=5;canny=50-150
20260928_144047,secuencial_1440p_n1000_p1_r3,2026-09-28T16:12:47,secuencial,1,1440p,2560,1440,1000,3.6864,208.898597,0.208899,4.787,58.839,100.0,125.801,199.906,74.105,3,1000,0,1884,6557.422,6653.512,96.09,12,False,resize=1.0;blur=31x31;sigma=7.0;pasadas_blur=3;pasadas_canny=1;pasadas_pipeline=5;canny=50-150
20260928_144047,secuencial_1440p_n1500_p1_r1,2026-09-28T16:18:07,secuencial,1,1440p,2560,1440,1500,3.6864,319.720536,0.213147,4.6916,59.351,100.0,125.953,199.887,73.934,1,1500,0,2861,6377.746,6992.938,615.191,12,False,resize=1.0;blur=31x31;sigma=7.0;pasadas_blur=3;pasadas_canny=1;pasadas_pipeline=5;canny=50-150
20260928_144047,secuencial_1440p_n1500_p1_r2,2026-09-28T16:23:18,secuencial,1,1440p,2560,1440,1500,3.6864,311.302778,0.207535,4.8185,59.519,100.0,125.695,199.859,74.164,2,1500,0,2818,6725.742,6958.379,232.637,12,False,resize=1.0;blur=31x31;sigma=7.0;pasadas_blur=3;pasadas_canny=1;pasadas_pipeline=5;canny=50-150
20260928_144047,secuencial_1440p_n1500_p1_r3,2026-09-28T16:28:35,secuencial,1,1440p,2560,1440,1500,3.6864,316.154549,0.21077,4.7445,59.53,100.0,125.824,199.812,73.988,3,1500,0,2848,6709.578,6862.805,153.227,12,False,resize=1.0;blur=31x31;sigma=7.0;pasadas_blur=3;pasadas_canny=1;pasadas_pipeline=5;canny=50-150
20260928_144047,secuencial_1440p_n2000_p1_r1,2026-09-28T16:35:37,secuencial,1,1440p,2560,1440,2000,3.6864,422.278775,0.211139,4.7362,58.376,100.0,109.605,199.844,90.238,1,2000,0,3814,6585.688,6855.508,269.82,12,False,resize=1.0;blur=31x31;sigma=7.0;pasadas_blur=3;pasadas_canny=1;pasadas_pipeline=5;canny=50-150
20260928_144047,secuencial_1440p_n2000_p1_r2,2026-09-28T16:42:32,secuencial,1,1440p,2560,1440,2000,3.6864,414.749521,0.207375,4.8222,59.604,100.0,125.598,199.789,74.191,2,2000,0,3756,6601.871,6819.609,217.738,12,False,resize=1.0;blur=31x31;sigma=7.0;pasadas_blur=3;pasadas_canny=1;pasadas_pipeline=5;canny=50-150
20260928_144047,secuencial_1440p_n2000_p1_r3,2026-09-28T16:49:28,secuencial,1,1440p,2560,1440,2000,3.6864,416.480831,0.20824,4.8021,58.882,100.0,125.594,199.766,74.172,3,2000,0,3763,6642.641,6876.871,234.23,12,False,resize=1.0;blur=31x31;sigma=7.0;pasadas_blur=3;pasadas_canny=1;pasadas_pipeline=5;canny=50-150
20260928_144047,secuencial_4K_n50_p1_r1,2026-09-28T16:55:33,secuencial,1,4K,3840,2160,50,8.2944,21.268593,0.425372,2.3509,61.942,100.0,125.898,292.066,166.168,1,50,0,188,6549.723,6707.594,157.871,12,False,resize=1.0;blur=31x31;sigma=7.0;pasadas_blur=3;pasadas_canny=1;pasadas_pipeline=5;canny=50-150
20260928_144047,secuencial_4K_n50_p1_r2,2026-09-28T16:55:55,secuencial,1,4K,3840,2160,50,8.2944,22.393295,0.447866,2.2328,62.204,100.0,108.547,282.238,173.691,2,50,0,196,6546.66,6774.301,227.641,12,False,resize=1.0;blur=31x31;sigma=7.0;pasadas_blur=3;pasadas_canny=1;pasadas_pipeline=5;canny=50-150
20260928_144047,secuencial_4K_n50_p1_r3,2026-09-28T16:56:17,secuencial,1,4K,3840,2160,50,8.2944,22.228404,0.444568,2.2494,58.99,100.0,111.691,277.914,166.223,3,50,0,195,6598.277,6782.062,183.785,12,False,resize=1.0;blur=31x31;sigma=7.0;pasadas_blur=3;pasadas_canny=1;pasadas_pipeline=5;canny=50-150
20260928_144047,secuencial_4K_n100_p1_r1,2026-09-28T16:57:01,secuencial,1,4K,3840,2160,100,8.2944,43.588249,0.435882,2.2942,58.963,100.0,111.613,277.945,166.332,1,100,0,384,6550.699,6719.672,168.973,12,False,resize=1.0;blur=31x31;sigma=7.0;pasadas_blur=3;pasadas_canny=1;pasadas_pipeline=5;canny=50-150
20260928_144047,secuencial_4K_n100_p1_r2,2026-09-28T16:57:45,secuencial,1,4K,3840,2160,100,8.2944,43.599262,0.435993,2.2936,57.597,100.0,111.613,277.938,166.324,2,100,0,384,6540.25,6742.273,202.023,12,False,resize=1.0;blur=31x31;sigma=7.0;pasadas_blur=3;pasadas_canny=1;pasadas_pipeline=5;canny=50-150
20260928_144047,secuencial_4K_n100_p1_r3,2026-09-28T16:58:29,secuencial,1,4K,3840,2160,100,8.2944,43.47892,0.434789,2.3,58.793,100.0,108.539,278.117,169.578,3,100,0,383,6546.543,6719.723,173.18,12,False,resize=1.0;blur=31x31;sigma=7.0;pasadas_blur=3;pasadas_canny=1;pasadas_pipeline=5;canny=50-150
20260928_144047,secuencial_4K_n200_p1_r1,2026-09-28T16:59:57,secuencial,1,4K,3840,2160,200,8.2944,88.525664,0.442628,2.2592,58.25,100.0,111.742,280.516,168.773,1,200,0,781,6549.168,6869.305,320.137,12,False,resize=1.0;blur=31x31;sigma=7.0;pasadas_blur=3;pasadas_canny=1;pasadas_pipeline=5;canny=50-150
20260928_144047,secuencial_4K_n200_p1_r2,2026-09-28T17:01:25,secuencial,1,4K,3840,2160,200,8.2944,87.509677,0.437548,2.2855,58.891,100.0,111.668,279.332,167.664,2,200,0,771,6545.562,6754.891,209.328,12,False,resize=1.0;blur=31x31;sigma=7.0;pasadas_blur=3;pasadas_canny=1;pasadas_pipeline=5;canny=50-150
20260928_144047,secuencial_4K_n200_p1_r3,2026-09-28T17:02:52,secuencial,1,4K,3840,2160,200,8.2944,86.8792,0.434396,2.302,58.818,100.0,111.551,281.625,170.074,3,200,0,767,6577.738,6735.895,158.156,12,False,resize=1.0;blur=31x31;sigma=7.0;pasadas_blur=3;pasadas_canny=1;pasadas_pipeline=5;canny=50-150
20260928_144047,secuencial_4K_n400_p1_r1,2026-09-28T17:05:47,secuencial,1,4K,3840,2160,400,8.2944,175.29229,0.438231,2.2819,58.885,100.0,111.613,283.836,172.223,1,400,0,1549,6530.191,6783.496,253.305,12,False,resize=1.0;blur=31x31;sigma=7.0;pasadas_blur=3;pasadas_canny=1;pasadas_pipeline=5;canny=50-150
20260928_144047,secuencial_4K_n400_p1_r2,2026-09-28T17:08:41,secuencial,1,4K,3840,2160,400,8.2944,173.483217,0.433708,2.3057,60.049,100.0,111.152,280.496,169.344,2,400,0,1540,6604.281,6791.027,186.746,12,False,resize=1.0;blur=31x31;sigma=7.0;pasadas_blur=3;pasadas_canny=1;pasadas_pipeline=5;canny=50-150
20260928_144047,secuencial_4K_n400_p1_r3,2026-09-28T17:11:36,secuencial,1,4K,3840,2160,400,8.2944,175.189917,0.437975,2.2832,59.38,100.0,111.574,280.426,168.852,3,400,0,1543,6555.02,6890.254,335.234,12,False,resize=1.0;blur=31x31;sigma=7.0;pasadas_blur=3;pasadas_canny=1;pasadas_pipeline=5;canny=50-150
20260928_144047,secuencial_4K_n600_p1_r1,2026-09-28T17:16:00,secuencial,1,4K,3840,2160,600,8.2944,263.398413,0.438997,2.2779,58.911,100.0,111.801,283.582,171.781,1,600,0,2320,6572.645,6867.582,294.938,12,False,resize=1.0;blur=31x31;sigma=7.0;pasadas_blur=3;pasadas_canny=1;pasadas_pipeline=5;canny=50-150
20260928_144047,secuencial_4K_n600_p1_r2,2026-09-28T17:20:23,secuencial,1,4K,3840,2160,600,8.2944,262.886732,0.438145,2.2824,59.103,100.0,111.762,283.055,171.293,2,600,0,2316,6516.637,6908.852,392.215,12,False,resize=1.0;blur=31x31;sigma=7.0;pasadas_blur=3;pasadas_canny=1;pasadas_pipeline=5;canny=50-150
20260928_144047,secuencial_4K_n600_p1_r3,2026-09-28T17:24:42,secuencial,1,4K,3840,2160,600,8.2944,259.058074,0.431763,2.3161,59.423,100.0,108.383,278.664,170.281,3,600,0,2289,6543.402,6796.547,253.145,12,False,resize=1.0;blur=31x31;sigma=7.0;pasadas_blur=3;pasadas_canny=1;pasadas_pipeline=5;canny=50-150
20260928_144047,secuencial_4K_n1000_p1_r1,2026-09-28T17:32:07,secuencial,1,4K,3840,2160,1000,8.2944,444.848327,0.444848,2.248,59.48,100.0,108.398,281.98,173.582,1,1000,0,3917,6559.762,6982.352,422.59,12,False,resize=1.0;blur=31x31;sigma=7.0;pasadas_blur=3;pasadas_canny=1;pasadas_pipeline=5;canny=50-150
20260929_011804,secuencial_1080p_n50_p1_r1,2026-09-29T01:18:17,secuencial,1,1080p,1920,1080,50,2.0736,6.980386,0.139608,7.1629,61.005,88.2,104.859,155.531,50.672,1,50,0,62,6076.277,6148.996,72.719,12,False,resize=1.0;blur=31x31;sigma=7.0;pasadas_blur=3;pasadas_canny=1;pasadas_pipeline=5;canny=50-150
20260929_011804,secuencial_1080p_n50_p1_r2,2026-09-29T01:18:24,secuencial,1,1080p,1920,1080,50,2.0736,7.183806,0.143676,6.9601,67.013,100.0,113.348,155.984,42.637,2,50,0,61,6004.172,6100.605,96.434,12,False,resize=1.0;blur=31x31;sigma=7.0;pasadas_blur=3;pasadas_canny=1;pasadas_pipeline=5;canny=50-150
20260929_011804,secuencial_1080p_n100_p1_r1,2026-09-29T01:18:38,secuencial,1,1080p,1920,1080,100,2.0736,13.003628,0.130036,7.6902,62.834,88.6,105.465,156.758,51.293,1,100,0,116,5949.133,5995.863,46.73,12,False,resize=1.0;blur=31x31;sigma=7.0;pasadas_blur=3;pasadas_canny=1;pasadas_pipeline=5;canny=50-150
20260929_011804,secuencial_1080p_n100_p1_r2,2026-09-29T01:18:51,secuencial,1,1080p,1920,1080,100,2.0736,13.159347,0.131593,7.5992,63.031,89.3,107.066,156.492,49.426,2,100,0,117,5935.711,5984.016,48.305,12,False,resize=1.0;blur=31x31;sigma=7.0;pasadas_blur=3;pasadas_canny=1;pasadas_pipeline=5;canny=50-150
20260929_011804,secuencial_1080p_n200_p1_r1,2026-09-29T01:19:17,secuencial,1,1080p,1920,1080,200,2.0736,26.211605,0.131058,7.6302,62.039,90.4,107.445,156.793,49.348,1,200,0,234,5929.715,6007.133,77.418,12,False,resize=1.0;blur=31x31;sigma=7.0;pasadas_blur=3;pasadas_canny=1;pasadas_pipeline=5;canny=50-150
20260929_011804,secuencial_1080p_n200_p1_r2,2026-09-29T01:19:43,secuencial,1,1080p,1920,1080,200,2.0736,25.880803,0.129404,7.7277,63.07,100.0,114.727,156.836,42.109,2,200,0,230,5949.898,6030.707,80.809,12,False,resize=1.0;blur=31x31;sigma=7.0;pasadas_blur=3;pasadas_canny=1;pasadas_pipeline=5;canny=50-150
20260929_011804,secuencial_1080p_n400_p1_r1,2026-09-29T01:20:34,secuencial,1,1080p,1920,1080,400,2.0736,51.245601,0.128114,7.8055,61.512,98.7,115.258,157.273,42.016,1,400,0,459,5982.391,6162.059,179.668,12,False,resize=1.0;blur=31x31;sigma=7.0;pasadas_blur=3;pasadas_canny=1;pasadas_pipeline=5;canny=50-150
20260929_011804,secuencial_1080p_n400_p1_r2,2026-09-29T01:21:24,secuencial,1,1080p,1920,1080,400,2.0736,49.843996,0.12461,8.025,61.44,100.0,114.66,157.004,42.344,2,400,0,446,5977.98,6028.91,50.93,12,False,resize=1.0;blur=31x31;sigma=7.0;pasadas_blur=3;pasadas_canny=1;pasadas_pipeline=5;canny=50-150
20260929_011804,secuencial_4K_n50_p1_r1,2026-09-29T01:22:04,secuencial,1,4K,3840,2160,50,8.2944,20.767214,0.415344,2.4076,62.762,100.0,115.789,276.176,160.387,1,50,0,180,5981.461,6148.605,167.145,12,False,resize=1.0;blur=31x31;sigma=7.0;pasadas_blur=3;pasadas_canny=1;pasadas_pipeline=5;canny=50-150
20260929_011804,secuencial_4K_n50_p1_r2,2026-09-29T01:22:24,secuencial,1,4K,3840,2160,50,8.2944,20.429909,0.408598,2.4474,62.859,100.0,109.332,276.207,166.875,2,50,0,177,5977.504,6155.367,177.863,12,False,resize=1.0;blur=31x31;sigma=7.0;pasadas_blur=3;pasadas_canny=1;pasadas_pipeline=5;canny=50-150
20260929_011804,secuencial_4K_n100_p1_r1,2026-09-29T01:23:06,secuencial,1,4K,3840,2160,100,8.2944,41.433696,0.414337,2.4135,63.95,100.0,110.039,276.32,166.281,1,100,0,359,5976.699,6234.984,258.285,12,False,resize=1.0;blur=31x31;sigma=7.0;pasadas_blur=3;pasadas_canny=1;pasadas_pipeline=5;canny=50-150
20260929_011804,secuencial_4K_n100_p1_r2,2026-09-29T01:23:47,secuencial,1,4K,3840,2160,100,8.2944,41.114369,0.411144,2.4322,66.333,100.0,109.648,277.781,168.133,2,100,0,356,6045.004,6258.0,212.996,12,False,resize=1.0;blur=31x31;sigma=7.0;pasadas_blur=3;pasadas_canny=1;pasadas_pipeline=5;canny=50-150
20260929_011804,secuencial_4K_n200_p1_r1,2026-09-29T01:25:10,secuencial,1,4K,3840,2160,200,8.2944,82.540288,0.412701,2.4231,63.411,100.0,107.754,277.914,170.16,1,200,0,715,5856.773,6230.258,373.484,12,False,resize=1.0;blur=31x31;sigma=7.0;pasadas_blur=3;pasadas_canny=1;pasadas_pipeline=5;canny=50-150
20260929_011804,secuencial_4K_n200_p1_r2,2026-09-29T01:26:31,secuencial,1,4K,3840,2160,200,8.2944,81.263773,0.406319,2.4611,63.225,100.0,107.863,278.227,170.363,2,200,0,705,5901.848,6075.227,173.379,12,False,resize=1.0;blur=31x31;sigma=7.0;pasadas_blur=3;pasadas_canny=1;pasadas_pipeline=5;canny=50-150
20260929_011804,secuencial_4K_n400_p1_r1,2026-09-29T01:29:17,secuencial,1,4K,3840,2160,400,8.2944,165.285905,0.413215,2.42,63.563,100.0,107.855,281.492,173.637,1,400,0,1429,5898.422,6329.945,431.523,12,False,resize=1.0;blur=31x31;sigma=7.0;pasadas_blur=3;pasadas_canny=1;pasadas_pipeline=5;canny=50-150
20260929_011804,secuencial_4K_n400_p1_r2,2026-09-29T01:32:00,secuencial,1,4K,3840,2160,400,8.2944,163.229022,0.408073,2.4505,64.551,100.0,107.137,274.117,166.98,2,400,0,1414,5945.051,6297.336,352.285,12,False,resize=1.0;blur=31x31;sigma=7.0;pasadas_blur=3;pasadas_canny=1;pasadas_pipeline=5;canny=50-150
20260929_011804,secuencial_8K_n50_p1_r1,2026-09-29T01:34:25,secuencial,1,8K,7680,4320,50,33.1776,77.397798,1.547956,0.646,65.574,100.0,111.566,784.93,673.363,1,50,0,595,6003.484,6698.469,694.984,12,False,resize=1.0;blur=31x31;sigma=7.0;pasadas_blur=3;pasadas_canny=1;pasadas_pipeline=5;canny=50-150
20260929_011804,secuencial_8K_n50_p1_r2,2026-09-29T01:35:44,secuencial,1,8K,7680,4320,50,33.1776,77.932824,1.558656,0.6416,66.106,100.0,110.023,776.477,666.453,2,50,0,592,6012.102,6849.578,837.477,12,False,resize=1.0;blur=31x31;sigma=7.0;pasadas_blur=3;pasadas_canny=1;pasadas_pipeline=5;canny=50-150
20260929_011804,secuencial_8K_n100_p1_r1,2026-09-29T01:38:21,secuencial,1,8K,7680,4320,100,33.1776,156.901953,1.56902,0.6373,66.473,100.0,108.957,785.77,676.812,1,100,0,1205,5995.336,6880.973,885.637,12,False,resize=1.0;blur=31x31;sigma=7.0;pasadas_blur=3;pasadas_canny=1;pasadas_pipeline=5;canny=50-150
20260929_011804,secuencial_8K_n100_p1_r2,2026-09-29T01:40:56,secuencial,1,8K,7680,4320,100,33.1776,155.083575,1.550836,0.6448,65.898,100.0,109.113,775.426,666.312,2,100,0,1197,6022.566,6785.309,762.742,12,False,resize=1.0;blur=31x31;sigma=7.0;pasadas_blur=3;pasadas_canny=1;pasadas_pipeline=5;canny=50-150
20260929_011804,secuencial_8K_n200_p1_r1,2026-09-29T01:46:08,secuencial,1,8K,7680,4320,200,33.1776,312.158295,1.560791,0.6407,65.576,100.0,107.93,776.879,668.949,1,200,0,2402,6020.434,6913.184,892.75,12,False,resize=1.0;blur=31x31;sigma=7.0;pasadas_blur=3;pasadas_canny=1;pasadas_pipeline=5;canny=50-150
20260929_011804,secuencial_8K_n200_p1_r2,2026-09-29T01:51:20,secuencial,1,8K,7680,4320,200,33.1776,311.707775,1.558539,0.6416,66.013,100.0,110.25,778.234,667.984,2,200,0,2397,6091.469,6943.902,852.434,12,False,resize=1.0;blur=31x31;sigma=7.0;pasadas_blur=3;pasadas_canny=1;pasadas_pipeline=5;canny=50-150
20260929_011804,secuencial_8K_n400_p1_r1,2026-09-29T02:01:46,secuencial,1,8K,7680,4320,400,33.1776,626.083276,1.565208,0.6389,66.643,100.0,108.234,784.285,676.051,1,400,0,4817,6127.934,7028.824,900.891,12,False,resize=1.0;blur=31x31;sigma=7.0;pasadas_blur=3;pasadas_canny=1;pasadas_pipeline=5;canny=50-150
20260929_011804,secuencial_8K_n400_p1_r2,2026-09-29T02:12:11,secuencial,1,8K,7680,4320,400,33.1776,624.742692,1.561857,0.6403,66.113,100.0,108.41,780.223,671.812,2,400,0,4840,6198.625,7102.109,903.484,12,False,resize=1.0;blur=31x31;sigma=7.0;pasadas_blur=3;pasadas_canny=1;pasadas_pipeline=5;canny=50-150
20260929_011804,concurrente_4proc_1080p_n50_p4_r1,2026-09-29T02:12:24,concurrente_4proc,4,1080p,1920,1080,50,2.0736,6.001897,0.120038,8.3307,44.002,67.1,109.621,663.852,554.23,1,50,0,53,6286.051,6725.871,439.82,12,False,resize=1.0;blur=31x31;sigma=7.0;pasadas_blur=3;pasadas_canny=1;pasadas_pipeline=5;canny=50-150
20260929_011804,concurrente_4proc_1080p_n50_p4_r2,2026-09-29T02:12:30,concurrente_4proc,4,1080p,1920,1080,50,2.0736,5.75904,0.115181,8.682,43.486,57.7,109.629,657.254,547.625,2,50,0,51,6269.098,6725.09,455.992,12,False,resize=1.0;blur=31x31;sigma=7.0;pasadas_blur=3;pasadas_canny=1;pasadas_pipeline=5;canny=50-150
20260929_011804,concurrente_4proc_1080p_n100_p4_r1,2026-09-29T02:12:40,concurrente_4proc,4,1080p,1920,1080,100,2.0736,10.364157,0.103642,9.6486,41.934,61.7,109.637,657.793,548.156,1,100,0,91,6269.035,6750.305,481.27,12,False,resize=1.0;blur=31x31;sigma=7.0;pasadas_blur=3;pasadas_canny=1;pasadas_pipeline=5;canny=50-150
20260929_011804,concurrente_4proc_1080p_n100_p4_r2,2026-09-29T02:12:51,concurrente_4proc,4,1080p,1920,1080,100,2.0736,10.899265,0.108993,9.1749,49.684,96.8,109.641,659.07,549.43,2,100,0,93,6287.434,6845.262,557.828,12,False,resize=1.0;blur=31x31;sigma=7.0;pasadas_blur=3;pasadas_canny=1;pasadas_pipeline=5;canny=50-150
20260929_011804,concurrente_4proc_1080p_n200_p4_r1,2026-09-29T02:13:10,concurrente_4proc,4,1080p,1920,1080,200,2.0736,18.546582,0.092733,10.7837,43.498,88.2,109.641,659.918,550.277,1,200,0,163,6303.086,6735.98,432.895,12,False,resize=1.0;blur=31x31;sigma=7.0;pasadas_blur=3;pasadas_canny=1;pasadas_pipeline=5;canny=50-150
20260929_011804,concurrente_4proc_1080p_n200_p4_r2,2026-09-29T02:13:29,concurrente_4proc,4,1080p,1920,1080,200,2.0736,19.051559,0.095258,10.4978,44.782,65.5,109.641,662.703,553.062,2,200,0,168,6261.094,6810.391,549.297,12,False,resize=1.0;blur=31x31;sigma=7.0;pasadas_blur=3;pasadas_canny=1;pasadas_pipeline=5;canny=50-150
20260929_011804,concurrente_4proc_1080p_n400_p4_r1,2026-09-29T02:14:06,concurrente_4proc,4,1080p,1920,1080,400,2.0736,36.509212,0.091273,10.9561,43.591,69.5,109.648,663.512,553.863,1,400,0,323,6328.098,6833.949,505.852,12,False,resize=1.0;blur=31x31;sigma=7.0;pasadas_blur=3;pasadas_canny=1;pasadas_pipeline=5;canny=50-150
20260929_011804,concurrente_4proc_1080p_n400_p4_r2,2026-09-29T02:14:41,concurrente_4proc,4,1080p,1920,1080,400,2.0736,35.072963,0.087682,11.4048,42.638,58.8,109.727,663.941,554.215,2,400,0,312,6289.473,6745.027,455.555,12,False,resize=1.0;blur=31x31;sigma=7.0;pasadas_blur=3;pasadas_canny=1;pasadas_pipeline=5;canny=50-150
20260929_011804,concurrente_4proc_4K_n50_p4_r1,2026-09-29T02:15:21,concurrente_4proc,4,4K,3840,2160,50,8.2944,19.022265,0.380445,2.6285,41.14,54.5,109.77,1143.891,1034.121,1,50,0,169,6282.141,7221.281,939.141,12,False,resize=1.0;blur=31x31;sigma=7.0;pasadas_blur=3;pasadas_canny=1;pasadas_pipeline=5;canny=50-150
20260929_011804,concurrente_4proc_4K_n50_p4_r2,2026-09-29T02:15:39,concurrente_4proc,4,4K,3840,2160,50,8.2944,18.386444,0.367729,2.7194,42.037,59.7,109.77,1124.82,1015.051,2,50,0,163,6275.43,7201.91,926.48,12,False,resize=1.0;blur=31x31;sigma=7.0;pasadas_blur=3;pasadas_canny=1;pasadas_pipeline=5;canny=50-150
20260929_011804,concurrente_4proc_4K_n100_p4_r1,2026-09-29T02:16:14,concurrente_4proc,4,4K,3840,2160,100,8.2944,34.270658,0.342707,2.9179,41.289,61.6,109.77,1141.379,1031.609,1,100,0,305,6250.219,7191.973,941.754,12,False,resize=1.0;blur=31x31;sigma=7.0;pasadas_blur=3;pasadas_canny=1;pasadas_pipeline=5;canny=50-150
20260929_011804,concurrente_4proc_4K_n100_p4_r2,2026-09-29T02:16:47,concurrente_4proc,4,4K,3840,2160,100,8.2944,33.707684,0.337077,2.9667,41.628,84.7,109.77,1135.734,1025.965,2,100,0,299,6264.121,7228.348,964.227,12,False,resize=1.0;blur=31x31;sigma=7.0;pasadas_blur=3;pasadas_canny=1;pasadas_pipeline=5;canny=50-150
20260929_011804,concurrente_4proc_4K_n200_p4_r1,2026-09-29T02:17:56,concurrente_4proc,4,4K,3840,2160,200,8.2944,68.848577,0.344243,2.9049,42.207,97.3,109.77,1141.91,1032.141,1,200,0,609,6239.391,7299.891,1060.5,12,False,resize=1.0;blur=31x31;sigma=7.0;pasadas_blur=3;pasadas_canny=1;pasadas_pipeline=5;canny=50-150
20260929_011804,concurrente_4proc_4K_n200_p4_r2,2026-09-29T02:19:05,concurrente_4proc,4,4K,3840,2160,200,8.2944,68.997566,0.344988,2.8987,42.811,65.8,109.77,1158.457,1048.688,2,200,0,615,6273.645,7194.863,921.219,12,False,resize=1.0;blur=31x31;sigma=7.0;pasadas_blur=3;pasadas_canny=1;pasadas_pipeline=5;canny=50-150
20260929_011804,concurrente_4proc_4K_n400_p4_r1,2026-09-29T02:21:23,concurrente_4proc,4,4K,3840,2160,400,8.2944,137.31056,0.343276,2.9131,42.036,85.4,109.77,1156.242,1046.473,1,400,0,1228,6264.941,7332.145,1067.203,12,False,resize=1.0;blur=31x31;sigma=7.0;pasadas_blur=3;pasadas_canny=1;pasadas_pipeline=5;canny=50-150
20260929_011804,concurrente_4proc_4K_n400_p4_r2,2026-09-29T02:23:35,concurrente_4proc,4,4K,3840,2160,400,8.2944,131.948238,0.329871,3.0315,42.638,100.0,109.809,1155.145,1045.336,2,400,0,1186,6276.531,7221.102,944.57,12,False,resize=1.0;blur=31x31;sigma=7.0;pasadas_blur=3;pasadas_canny=1;pasadas_pipeline=5;canny=50-150
20260929_011804,concurrente_4proc_8K_n50_p4_r1,2026-09-29T02:25:57,concurrente_4proc,4,8K,7680,4320,50,33.1776,71.522052,1.430441,0.6991,40.766,95.0,112.707,3093.215,2980.508,1,50,0,642,6266.723,9153.195,2886.473,12,False,resize=1.0;blur=31x31;sigma=7.0;pasadas_blur=3;pasadas_canny=1;pasadas_pipeline=5;canny=50-150
20260929_011804,concurrente_4proc_8K_n50_p4_r2,2026-09-29T02:27:04,concurrente_4proc,4,8K,7680,4320,50,33.1776,66.240235,1.324805,0.7548,41.525,86.1,112.73,3082.656,2969.926,2,50,0,595,6248.188,9089.258,2841.07,12,False,resize=1.0;blur=31x31;sigma=7.0;pasadas_blur=3;pasadas_canny=1;pasadas_pipeline=5;canny=50-150
20260929_011804,concurrente_4proc_8K_n100_p4_r1,2026-09-29T02:29:25,concurrente_4proc,4,8K,7680,4320,100,33.1776,141.424746,1.414247,0.7071,42.335,96.2,112.73,3111.996,2999.266,1,100,0,1270,6222.199,9275.195,3052.996,12,False,resize=1.0;blur=31x31;sigma=7.0;pasadas_blur=3;pasadas_canny=1;pasadas_pipeline=5;canny=50-150
20260929_011804,concurrente_4proc_8K_n100_p4_r2,2026-09-29T02:31:47,concurrente_4proc,4,8K,7680,4320,100,33.1776,141.875182,1.418752,0.7048,41.414,96.4,112.73,3091.684,2978.953,2,100,0,1277,6284.363,9203.223,2918.859,12,False,resize=1.0;blur=31x31;sigma=7.0;pasadas_blur=3;pasadas_canny=1;pasadas_pipeline=5;canny=50-150
20260929_011804,concurrente_4proc_8K_n200_p4_r1,2026-09-29T02:36:37,concurrente_4proc,4,8K,7680,4320,200,33.1776,289.868595,1.449343,0.69,45.243,100.0,112.73,3124.562,3011.832,1,200,0,2600,6300.953,9449.395,3148.441,12,False,resize=1.0;blur=31x31;sigma=7.0;pasadas_blur=3;pasadas_canny=1;pasadas_pipeline=5;canny=50-150
20260929_011804,concurrente_4proc_8K_n200_p4_r2,2026-09-29T02:41:17,concurrente_4proc,4,8K,7680,4320,200,33.1776,279.582506,1.397913,0.7154,42.66,100.0,112.73,3113.691,3000.961,2,200,0,2520,6371.562,9302.172,2930.609,12,False,resize=1.0;blur=31x31;sigma=7.0;pasadas_blur=3;pasadas_canny=1;pasadas_pipeline=5;canny=50-150
20260929_011804,concurrente_4proc_8K_n400_p4_r1,2026-09-29T02:50:17,concurrente_4proc,4,8K,7680,4320,400,33.1776,540.359296,1.350898,0.7402,41.851,100.0,112.73,3077.008,2964.277,1,400,0,4858,6329.867,9260.504,2930.637,12,False,resize=1.0;blur=31x31;sigma=7.0;pasadas_blur=3;pasadas_canny=1;pasadas_pipeline=5;canny=50-150
20260929_011804,concurrente_4proc_8K_n400_p4_r2,2026-09-29T02:59:18,concurrente_4proc,4,8K,7680,4320,400,33.1776,540.592706,1.351482,0.7399,41.818,92.7,113.027,3094.629,2981.602,2,400,0,4863,6370.957,9248.203,2877.246,12,False,resize=1.0;blur=31x31;sigma=7.0;pasadas_blur=3;pasadas_canny=1;pasadas_pipeline=5;canny=50-150
20260929_011804,concurrente_12proc_1080p_n50_p12_r1,2026-09-29T02:59:32,concurrente_12proc,12,1080p,1920,1080,50,2.0736,6.324018,0.12648,7.9064,95.488,100.0,112.984,1747.836,1634.852,1,50,0,43,6375.922,7687.707,1311.785,12,False,resize=1.0;blur=31x31;sigma=7.0;pasadas_blur=3;pasadas_canny=1;pasadas_pipeline=5;canny=50-150
20260929_011804,concurrente_12proc_1080p_n50_p12_r2,2026-09-29T02:59:38,concurrente_12proc,12,1080p,1920,1080,50,2.0736,6.256181,0.125124,7.9921,96.481,100.0,113.043,1752.766,1639.723,2,50,0,43,6353.938,7685.961,1332.023,12,False,resize=1.0;blur=31x31;sigma=7.0;pasadas_blur=3;pasadas_canny=1;pasadas_pipeline=5;canny=50-150
20260929_011804,concurrente_12proc_1080p_n100_p12_r1,2026-09-29T02:59:47,concurrente_12proc,12,1080p,1920,1080,100,2.0736,9.1052,0.091052,10.9827,95.867,100.0,113.043,1746.891,1633.848,1,100,0,49,6359.078,7691.352,1332.273,12,False,resize=1.0;blur=31x31;sigma=7.0;pasadas_blur=3;pasadas_canny=1;pasadas_pipeline=5;canny=50-150
20260929_011804,concurrente_12proc_1080p_n100_p12_r2,2026-09-29T02:59:56,concurrente_12proc,12,1080p,1920,1080,100,2.0736,9.219153,0.092192,10.847,95.662,100.0,113.051,1738.184,1625.133,2,100,0,50,6363.305,7695.41,1332.105,12,False,resize=1.0;blur=31x31;sigma=7.0;pasadas_blur=3;pasadas_canny=1;pasadas_pipeline=5;canny=50-150
20260929_011804,concurrente_12proc_1080p_n200_p12_r1,2026-09-29T03:00:12,concurrente_12proc,12,1080p,1920,1080,200,2.0736,14.976725,0.074884,13.3541,97.974,100.0,113.051,1736.793,1623.742,1,200,0,95,6357.195,7729.281,1372.086,12,False,resize=1.0;blur=31x31;sigma=7.0;pasadas_blur=3;pasadas_canny=1;pasadas_pipeline=5;canny=50-150
20260929_011804,concurrente_12proc_1080p_n200_p12_r2,2026-09-29T03:00:27,concurrente_12proc,12,1080p,1920,1080,200,2.0736,15.099043,0.075495,13.2459,98.11,100.0,113.051,1751.281,1638.23,2,200,0,93,6330.121,7792.156,1462.035,12,False,resize=1.0;blur=31x31;sigma=7.0;pasadas_blur=3;pasadas_canny=1;pasadas_pipeline=5;canny=50-150
20260929_011804,concurrente_12proc_1080p_n400_p12_r1,2026-09-29T03:00:52,concurrente_12proc,12,1080p,1920,1080,400,2.0736,25.637787,0.064094,15.602,98.741,100.0,113.051,1738.453,1625.402,1,400,0,134,6327.523,7678.188,1350.664,12,False,resize=1.0;blur=31x31;sigma=7.0;pasadas_blur=3;pasadas_canny=1;pasadas_pipeline=5;canny=50-150
20260929_011804,concurrente_12proc_1080p_n400_p12_r2,2026-09-29T03:01:18,concurrente_12proc,12,1080p,1920,1080,400,2.0736,25.263145,0.063158,15.8333,98.811,100.0,113.051,1742.074,1629.023,2,400,0,134,6353.625,7692.965,1339.34,12,False,resize=1.0;blur=31x31;sigma=7.0;pasadas_blur=3;pasadas_canny=1;pasadas_pipeline=5;canny=50-150
20260929_011804,concurrente_12proc_4K_n50_p12_r1,2026-09-29T03:01:53,concurrente_12proc,12,4K,3840,2160,50,8.2944,15.473856,0.309477,3.2313,93.186,100.0,113.051,3120.254,3007.203,1,50,0,87,6399.758,9027.176,2627.418,12,False,resize=1.0;blur=31x31;sigma=7.0;pasadas_blur=3;pasadas_canny=1;pasadas_pipeline=5;canny=50-150
20260929_011804,concurrente_12proc_4K_n50_p12_r2,2026-09-29T03:02:09,concurrente_12proc,12,4K,3840,2160,50,8.2944,14.998944,0.299979,3.3336,95.802,100.0,113.055,3121.559,3008.504,2,50,0,86,6328.688,9075.582,2746.895,12,False,resize=1.0;blur=31x31;sigma=7.0;pasadas_blur=3;pasadas_canny=1;pasadas_pipeline=5;canny=50-150
20260929_011804,concurrente_12proc_4K_n100_p12_r1,2026-09-29T03:02:35,concurrente_12proc,12,4K,3840,2160,100,8.2944,26.532541,0.265325,3.769,94.104,100.0,113.055,3094.109,2981.055,1,100,0,112,6341.633,9015.992,2674.359,12,False,resize=1.0;blur=31x31;sigma=7.0;pasadas_blur=3;pasadas_canny=1;pasadas_pipeline=5;canny=50-150
20260929_011804,concurrente_12proc_4K_n100_p12_r2,2026-09-29T03:03:03,concurrente_12proc,12,4K,3840,2160,100,8.2944,27.33342,0.273334,3.6585,96.152,100.0,113.059,3118.09,3005.031,2,100,0,138,6357.238,9109.422,2752.184,12,False,resize=1.0;blur=31x31;sigma=7.0;pasadas_blur=3;pasadas_canny=1;pasadas_pipeline=5;canny=50-150
20260929_011804,concurrente_12proc_4K_n200_p12_r1,2026-09-29T03:03:52,concurrente_12proc,12,4K,3840,2160,200,8.2944,49.437237,0.247186,4.0455,98.011,100.0,113.059,3104.23,2991.172,1,200,0,245,6367.246,9104.625,2737.379,12,False,resize=1.0;blur=31x31;sigma=7.0;pasadas_blur=3;pasadas_canny=1;pasadas_pipeline=5;canny=50-150
20260929_011804,concurrente_12proc_4K_n200_p12_r2,2026-09-29T03:04:42,concurrente_12proc,12,4K,3840,2160,200,8.2944,49.732685,0.248663,4.0215,98.329,100.0,113.059,3089.449,2976.391,2,200,0,246,6359.469,9059.188,2699.719,12,False,resize=1.0;blur=31x31;sigma=7.0;pasadas_blur=3;pasadas_canny=1;pasadas_pipeline=5;canny=50-150
20260929_011804,concurrente_12proc_4K_n400_p12_r1,2026-09-29T03:06:18,concurrente_12proc,12,4K,3840,2160,400,8.2944,96.222938,0.240557,4.157,97.949,100.0,113.059,3115.988,3002.93,1,400,0,359,6378.496,9106.383,2727.887,12,False,resize=1.0;blur=31x31;sigma=7.0;pasadas_blur=3;pasadas_canny=1;pasadas_pipeline=5;canny=50-150
20260929_011804,concurrente_12proc_4K_n400_p12_r2,2026-09-29T03:07:54,concurrente_12proc,12,4K,3840,2160,400,8.2944,95.742457,0.239356,4.1779,98.952,100.0,113.059,3122.613,3009.555,2,400,0,460,6369.484,9076.969,2707.484,12,False,resize=1.0;blur=31x31;sigma=7.0;pasadas_blur=3;pasadas_canny=1;pasadas_pipeline=5;canny=50-150
20260929_011804,concurrente_12proc_8K_n50_p12_r1,2026-09-29T03:10:07,concurrente_12proc,12,8K,7680,4320,50,33.1776,62.220747,1.244415,0.8036,94.056,100.0,113.035,8747.949,8634.914,1,50,0,347,6313.043,14525.895,8212.852,12,False,resize=1.0;blur=31x31;sigma=7.0;pasadas_blur=3;pasadas_canny=1;pasadas_pipeline=5;canny=50-150
20260929_011804,concurrente_12proc_8K_n50_p12_r2,2026-09-29T03:11:07,concurrente_12proc,12,8K,7680,4320,50,33.1776,60.533762,1.210675,0.826,89.81,100.0,113.059,8609.184,8496.125,2,50,0,209,5969.469,14301.355,8331.887,12,False,resize=1.0;blur=31x31;sigma=7.0;pasadas_blur=3;pasadas_canny=1;pasadas_pipeline=5;canny=50-150
20260929_011804,concurrente_12proc_8K_n100_p12_r1,2026-09-29T03:13:06,concurrente_12proc,12,8K,7680,4320,100,33.1776,118.472071,1.184721,0.8441,95.713,100.0,113.062,8654.32,8541.258,1,100,0,579,5944.105,14319.855,8375.75,12,False,resize=1.0;blur=31x31;sigma=7.0;pasadas_blur=3;pasadas_canny=1;pasadas_pipeline=5;canny=50-150
20260929_011804,concurrente_12proc_8K_n100_p12_r2,2026-09-29T03:15:04,concurrente_12proc,12,8K,7680,4320,100,33.1776,117.426699,1.174267,0.8516,95.586,100.0,113.062,8749.297,8636.234,2,100,0,569,6178.434,14465.652,8287.219,12,False,resize=1.0;blur=31x31;sigma=7.0;pasadas_blur=3;pasadas_canny=1;pasadas_pipeline=5;canny=50-150
20260929_011804,concurrente_12proc_8K_n200_p12_r1,2026-09-29T03:18:47,concurrente_12proc,12,8K,7680,4320,200,33.1776,222.936627,1.114683,0.8971,98.111,100.0,113.062,8595.477,8482.414,1,200,0,1043,6259.258,14504.758,8245.5,12,False,resize=1.0;blur=31x31;sigma=7.0;pasadas_blur=3;pasadas_canny=1;pasadas_pipeline=5;canny=50-150
20260929_011804,concurrente_12proc_8K_n200_p12_r2,2026-09-29T03:22:29,concurrente_12proc,12,8K,7680,4320,200,33.1776,221.986385,1.109932,0.901,97.586,100.0,113.062,8703.375,8590.312,2,200,0,702,6208.246,14492.703,8284.457,12,False,resize=1.0;blur=31x31;sigma=7.0;pasadas_blur=3;pasadas_canny=1;pasadas_pipeline=5;canny=50-150
20260929_011804,concurrente_12proc_8K_n400_p12_r1,2026-09-29T03:29:54,concurrente_12proc,12,8K,7680,4320,400,33.1776,445.610955,1.114027,0.8976,99.122,100.0,113.062,8784.559,8671.496,1,400,0,1990,6231.051,14602.375,8371.324,12,False,resize=1.0;blur=31x31;sigma=7.0;pasadas_blur=3;pasadas_canny=1;pasadas_pipeline=5;canny=50-150
20260929_011804,concurrente_12proc_8K_n400_p12_r2,2026-09-29T03:37:15,concurrente_12proc,12,8K,7680,4320,400,33.1776,440.375139,1.100938,0.9083,98.982,100.0,112.922,8796.832,8683.91,2,400,0,1911,6352.75,14702.324,8349.574,12,False,resize=1.0;blur=31x31;sigma=7.0;pasadas_blur=3;pasadas_canny=1;pasadas_pipeline=5;canny=50-150
20260929_011804,memoria_retenida_1080p_n50_p1_r1,2026-09-29T03:37:28,memoria_retenida,1,1080p,1920,1080,50,2.0736,6.791076,0.135822,7.3626,56.451,88.5,106.871,536.527,429.656,1,50,0,61,6286.477,6704.328,417.852,12,True,resize=1.0;blur=31x31;sigma=7.0;pasadas_blur=3;pasadas_canny=1;pasadas_pipeline=5;canny=50-150
20260929_011804,memoria_retenida_1080p_n50_p1_r2,2026-09-29T03:37:35,memoria_retenida,1,1080p,1920,1080,50,2.0736,6.449599,0.128992,7.7524,58.737,90.2,115.109,532.574,417.465,2,50,0,57,6287.848,6700.18,412.332,12,True,resize=1.0;blur=31x31;sigma=7.0;pasadas_blur=3;pasadas_canny=1;pasadas_pipeline=5;canny=50-150
20260929_011804,memoria_retenida_1080p_n100_p1_r1,2026-09-29T03:37:49,memoria_retenida,1,1080p,1920,1080,100,2.0736,14.127747,0.141277,7.0783,62.972,100.0,114.703,940.168,825.465,1,100,0,126,6290.617,7194.855,904.238,12,True,resize=1.0;blur=31x31;sigma=7.0;pasadas_blur=3;pasadas_canny=1;pasadas_pipeline=5;canny=50-150
20260929_011804,memoria_retenida_1080p_n100_p1_r2,2026-09-29T03:38:03,memoria_retenida,1,1080p,1920,1080,100,2.0736,13.624854,0.136249,7.3395,60.078,95.2,108.301,936.496,828.195,2,100,0,122,6311.457,7140.188,828.73,12,True,resize=1.0;blur=31x31;sigma=7.0;pasadas_blur=3;pasadas_canny=1;pasadas_pipeline=5;canny=50-150
20260929_011804,memoria_retenida_1080p_n200_p1_r1,2026-09-29T03:38:28,memoria_retenida,1,1080p,1920,1080,200,2.0736,25.800261,0.129001,7.7519,59.189,90.1,115.43,1727.93,1612.5,1,200,0,233,6293.664,7896.961,1603.297,12,True,resize=1.0;blur=31x31;sigma=7.0;pasadas_blur=3;pasadas_canny=1;pasadas_pipeline=5;canny=50-150
20260929_011804,memoria_retenida_1080p_n200_p1_r2,2026-09-29T03:38:55,memoria_retenida,1,1080p,1920,1080,200,2.0736,25.852708,0.129264,7.7361,56.247,88.0,115.469,1723.66,1608.191,2,200,0,233,6288.316,7907.047,1618.73,12,True,resize=1.0;blur=31x31;sigma=7.0;pasadas_blur=3;pasadas_canny=1;pasadas_pipeline=5;canny=50-150
20260929_011804,memoria_retenida_1080p_n400_p1_r1,2026-09-29T03:39:47,memoria_retenida,1,1080p,1920,1080,400,2.0736,52.050687,0.130127,7.6848,59.583,94.9,115.09,2828.027,2712.938,1,400,0,470,6300.973,8947.852,2646.879,12,True,resize=1.0;blur=31x31;sigma=7.0;pasadas_blur=3;pasadas_canny=1;pasadas_pipeline=5;canny=50-150
20260929_011804,memoria_retenida_1080p_n400_p1_r2,2026-09-29T03:40:40,memoria_retenida,1,1080p,1920,1080,400,2.0736,52.628864,0.131572,7.6004,59.286,100.0,115.082,3314.402,3199.32,2,400,0,475,6243.723,9489.629,3245.906,12,True,resize=1.0;blur=31x31;sigma=7.0;pasadas_blur=3;pasadas_canny=1;pasadas_pipeline=5;canny=50-150
20260929_011804,memoria_retenida_4K_n50_p1_r1,2026-09-29T03:41:20,memoria_retenida,1,4K,3840,2160,50,8.2944,20.890658,0.417813,2.3934,60.031,100.0,115.145,1797.641,1682.496,1,50,0,182,6295.832,7961.102,1665.27,12,True,resize=1.0;blur=31x31;sigma=7.0;pasadas_blur=3;pasadas_canny=1;pasadas_pipeline=5;canny=50-150
20260929_011804,memoria_retenida_4K_n50_p1_r2,2026-09-29T03:41:40,memoria_retenida,1,4K,3840,2160,50,8.2944,20.28283,0.405657,2.4651,62.144,100.0,109.188,1797.176,1687.988,2,50,0,177,6267.383,7950.371,1682.988,12,True,resize=1.0;blur=31x31;sigma=7.0;pasadas_blur=3;pasadas_canny=1;pasadas_pipeline=5;canny=50-150
20260929_011804,memoria_retenida_4K_n100_p1_r1,2026-09-29T03:42:22,memoria_retenida,1,4K,3840,2160,100,8.2944,41.542681,0.415427,2.4072,61.715,100.0,109.488,3408.625,3299.137,1,100,0,364,6255.836,9555.902,3300.066,12,True,resize=1.0;blur=31x31;sigma=7.0;pasadas_blur=3;pasadas_canny=1;pasadas_pipeline=5;canny=50-150
20260929_011804,memoria_retenida_4K_n100_p1_r2,2026-09-29T03:43:04,memoria_retenida,1,4K,3840,2160,100,8.2944,41.748877,0.417489,2.3953,62.978,100.0,109.277,3408.895,3299.617,2,100,0,365,6237.406,9599.305,3361.898,12,True,resize=1.0;blur=31x31;sigma=7.0;pasadas_blur=3;pasadas_canny=1;pasadas_pipeline=5;canny=50-150
20260929_011804,memoria_retenida_4K_n200_p1_r1,2026-09-29T03:44:28,memoria_retenida,1,4K,3840,2160,200,8.2944,83.687347,0.418437,2.3898,61.379,100.0,109.551,6573.465,6463.914,1,200,0,734,6250.746,12784.484,6533.738,12,True,resize=1.0;blur=31x31;sigma=7.0;pasadas_blur=3;pasadas_canny=1;pasadas_pipeline=5;canny=50-150
20260929_011804,memoria_retenida_4K_n200_p1_r2,2026-09-29T03:45:52,memoria_retenida,1,4K,3840,2160,200,8.2944,83.726547,0.418633,2.3887,62.953,100.0,106.25,6573.477,6467.227,2,200,0,732,6286.805,12784.137,6497.332,12,True,resize=1.0;blur=31x31;sigma=7.0;pasadas_blur=3;pasadas_canny=1;pasadas_pipeline=5;canny=50-150
20260929_011804,memoria_retenida_4K_n400_p1_r1,2026-09-29T03:48:47,memoria_retenida,1,4K,3840,2160,400,8.2944,173.623731,0.434059,2.3038,61.996,100.0,109.289,10102.293,9993.004,1,400,0,1511,6320.09,15555.375,9235.285,12,True,resize=1.0;blur=31x31;sigma=7.0;pasadas_blur=3;pasadas_canny=1;pasadas_pipeline=5;canny=50-150
20260929_011804,memoria_retenida_4K_n400_p1_r2,2026-09-29T03:51:37,memoria_retenida,1,4K,3840,2160,400,8.2944,169.765934,0.424415,2.3562,62.654,100.0,80.637,10208.16,10127.523,2,400,0,1494,5465.629,15690.043,10224.414,12,True,resize=1.0;blur=31x31;sigma=7.0;pasadas_blur=3;pasadas_canny=1;pasadas_pipeline=5;canny=50-150
20260929_011804,memoria_retenida_8K_n50_p1_r1,2026-09-29T03:54:01,memoria_retenida,1,8K,7680,4320,50,33.1776,76.903201,1.538064,0.6502,64.612,100.0,80.094,6943.941,6863.848,1,50,0,621,5260.918,12123.375,6862.457,12,True,resize=1.0;blur=31x31;sigma=7.0;pasadas_blur=3;pasadas_canny=1;pasadas_pipeline=5;canny=50-150
20260929_011804,memoria_retenida_8K_n50_p1_r2,2026-09-29T03:55:20,memoria_retenida,1,8K,7680,4320,50,33.1776,78.833117,1.576662,0.6343,65.981,100.0,77.516,6372.828,6295.312,2,50,0,632,5256.676,11275.133,6018.457,12,True,resize=1.0;blur=31x31;sigma=7.0;pasadas_blur=3;pasadas_canny=1;pasadas_pipeline=5;canny=50-150
20260929_011804,memoria_retenida_8K_n100_p1_r1,2026-09-29T03:58:03,memoria_retenida,1,8K,7680,4320,100,33.1776,162.267033,1.62267,0.6163,65.156,100.0,76.391,10486.84,10410.449,1,100,0,1311,5200.027,15568.848,10368.82,12,True,resize=1.0;blur=31x31;sigma=7.0;pasadas_blur=3;pasadas_canny=1;pasadas_pipeline=5;canny=50-150
20260929_011804,memoria_retenida_8K_n100_p1_r2,2026-09-29T04:00:45,memoria_retenida,1,8K,7680,4320,100,33.1776,160.81459,1.608146,0.6218,65.106,100.0,75.062,10926.762,10851.699,2,100,0,1302,5064.648,15535.207,10470.559,12,True,resize=1.0;blur=31x31;sigma=7.0;pasadas_blur=3;pasadas_canny=1;pasadas_pipeline=5;canny=50-150
20260929_011804,memoria_retenida_8K_n200_p1_r1,2026-09-29T04:06:35,memoria_retenida,1,8K,7680,4320,200,33.1776,349.021861,1.745109,0.573,66.947,100.0,75.328,11188.027,11112.699,1,200,0,2751,4723.559,15621.812,10898.254,12,True,resize=1.0;blur=31x31;sigma=7.0;pasadas_blur=3;pasadas_canny=1;pasadas_pipeline=5;canny=50-150
20260929_011804,memoria_retenida_8K_n200_p1_r2,2026-09-29T04:12:38,memoria_retenida,1,8K,7680,4320,200,33.1776,362.02814,1.810141,0.5524,69.542,100.0,72.168,11784.031,11711.863,2,200,0,2832,4222.156,15578.633,11356.477,12,True,resize=1.0;blur=31x31;sigma=7.0;pasadas_blur=3;pasadas_canny=1;pasadas_pipeline=5;canny=50-150
20260929_011804,memoria_retenida_8K_n400_p1_r1,2026-09-29T04:24:19,memoria_retenida,1,8K,7680,4320,400,33.1776,698.936828,1.747342,0.5723,68.167,100.0,73.855,11423.258,11349.402,1,400,0,5488,5766.77,15480.844,9714.074,12,True,resize=1.0;blur=31x31;sigma=7.0;pasadas_blur=3;pasadas_canny=1;pasadas_pipeline=5;canny=50-150
20260929_011804,memoria_retenida_8K_n400_p1_r2,2026-09-29T04:36:01,memoria_retenida,1,8K,7680,4320,400,33.1776,700.490928,1.751227,0.571,68.608,100.0,75.41,11447.293,11371.883,2,400,0,5445,5149.621,15475.453,10325.832,12,True,resize=1.0;blur=31x31;sigma=7.0;pasadas_blur=3;pasadas_canny=1;pasadas_pipeline=5;canny=50-150
20260929_080435,secuencial_1080p_n50_p1_r1,2026-09-29T08:04:48,secuencial,1,1080p,1920,1080,50,2.0736,6.491315,0.129826,7.7026,65.205,89.7,104.949,156.293,51.344,1,50,0,58,9563.301,9594.75,31.449,12,False,resize=1.0;blur=31x31;sigma=7.0;pasadas_blur=3;pasadas_canny=1;pasadas_pipeline=5;canny=50-150
20260929_080435,secuencial_1080p_n50_p1_r2,2026-09-29T08:04:54,secuencial,1,1080p,1920,1080,50,2.0736,5.801593,0.116032,8.6183,66.913,93.2,108.309,156.695,48.387,2,50,0,52,9462.461,9510.195,47.734,12,False,resize=1.0;blur=31x31;sigma=7.0;pasadas_blur=3;pasadas_canny=1;pasadas_pipeline=5;canny=50-150
20260929_080435,secuencial_1080p_n100_p1_r1,2026-09-29T08:05:08,secuencial,1,1080p,1920,1080,100,2.0736,14.124046,0.14124,7.0801,64.923,100.0,106.676,156.422,49.746,1,100,0,124,9459.422,9533.309,73.887,12,False,resize=1.0;blur=31x31;sigma=7.0;pasadas_blur=3;pasadas_canny=1;pasadas_pipeline=5;canny=50-150
20260929_080435,secuencial_1080p_n100_p1_r2,2026-09-29T08:05:22,secuencial,1,1080p,1920,1080,100,2.0736,14.348513,0.143485,6.9694,63.547,94.2,114.504,156.793,42.289,2,100,0,126,9455.371,9515.535,60.164,12,False,resize=1.0;blur=31x31;sigma=7.0;pasadas_blur=3;pasadas_canny=1;pasadas_pipeline=5;canny=50-150
20260929_080435,secuencial_1080p_n200_p1_r1,2026-09-29T08:05:52,secuencial,1,1080p,1920,1080,200,2.0736,29.162437,0.145812,6.8581,63.344,97.6,115.23,156.801,41.57,1,200,0,257,9422.281,9498.344,76.062,12,False,resize=1.0;blur=31x31;sigma=7.0;pasadas_blur=3;pasadas_canny=1;pasadas_pipeline=5;canny=50-150
20260929_080435,secuencial_1080p_n200_p1_r2,2026-09-29T08:06:20,secuencial,1,1080p,1920,1080,200,2.0736,28.421362,0.142107,7.037,64.397,98.7,115.16,156.742,41.582,2,200,0,250,9372.902,9428.527,55.625,12,False,resize=1.0;blur=31x31;sigma=7.0;pasadas_blur=3;pasadas_canny=1;pasadas_pipeline=5;canny=50-150
20260929_080435,secuencial_1080p_n400_p1_r1,2026-09-29T08:07:24,secuencial,1,1080p,1920,1080,400,2.0736,63.972464,0.159931,6.2527,67.854,100.0,115.148,157.148,42.0,1,400,0,554,9359.965,9547.609,187.645,12,False,resize=1.0;blur=31x31;sigma=7.0;pasadas_blur=3;pasadas_canny=1;pasadas_pipeline=5;canny=50-150
20260929_080435,secuencial_1080p_n400_p1_r2,2026-09-29T08:08:23,secuencial,1,1080p,1920,1080,400,2.0736,58.229493,0.145574,6.8694,63.279,100.0,114.477,157.16,42.684,2,400,0,511,9427.438,9485.594,58.156,12,False,resize=1.0;blur=31x31;sigma=7.0;pasadas_blur=3;pasadas_canny=1;pasadas_pipeline=5;canny=50-150
20260929_080435,secuencial_4K_n50_p1_r1,2026-09-29T08:09:09,secuencial,1,4K,3840,2160,50,8.2944,24.270475,0.48541,2.0601,64.921,100.0,108.961,276.121,167.16,1,50,0,202,9421.066,9585.145,164.078,12,False,resize=1.0;blur=31x31;sigma=7.0;pasadas_blur=3;pasadas_canny=1;pasadas_pipeline=5;canny=50-150
20260929_080435,secuencial_4K_n50_p1_r2,2026-09-29T08:09:35,secuencial,1,4K,3840,2160,50,8.2944,25.533589,0.510672,1.9582,66.368,100.0,109.715,276.215,166.5,2,50,0,210,9293.773,9447.84,154.066,12,False,resize=1.0;blur=31x31;sigma=7.0;pasadas_blur=3;pasadas_canny=1;pasadas_pipeline=5;canny=50-150
20260929_080435,secuencial_4K_n100_p1_r1,2026-09-29T08:10:25,secuencial,1,4K,3840,2160,100,8.2944,49.87562,0.498756,2.005,65.695,100.0,110.051,276.602,166.551,1,100,0,415,9232.59,9392.605,160.016,12,False,resize=1.0;blur=31x31;sigma=7.0;pasadas_blur=3;pasadas_canny=1;pasadas_pipeline=5;canny=50-150
20260929_080435,secuencial_4K_n100_p1_r2,2026-09-29T08:11:14,secuencial,1,4K,3840,2160,100,8.2944,48.7127,0.487127,2.0529,64.333,100.0,110.367,276.594,166.227,2,100,0,407,8504.652,8652.941,148.289,12,False,resize=1.0;blur=31x31;sigma=7.0;pasadas_blur=3;pasadas_canny=1;pasadas_pipeline=5;canny=50-150
20260929_080435,secuencial_4K_n200_p1_r1,2026-09-29T08:12:53,secuencial,1,4K,3840,2160,200,8.2944,98.572158,0.492861,2.029,63.674,100.0,106.789,280.305,173.516,1,200,0,825,8213.684,8575.727,362.043,12,False,resize=1.0;blur=31x31;sigma=7.0;pasadas_blur=3;pasadas_canny=1;pasadas_pipeline=5;canny=50-150
20260929_080435,secuencial_4K_n200_p1_r2,2026-09-29T08:14:31,secuencial,1,4K,3840,2160,200,8.2944,97.843258,0.489216,2.0441,63.689,100.0,110.129,276.527,166.398,2,200,0,818,8308.512,8590.383,281.871,12,False,resize=1.0;blur=31x31;sigma=7.0;pasadas_blur=3;pasadas_canny=1;pasadas_pipeline=5;canny=50-150
20260929_080435,secuencial_4K_n400_p1_r1,2026-09-29T08:17:45,secuencial,1,4K,3840,2160,400,8.2944,194.360837,0.485902,2.058,67.55,100.0,107.953,274.461,166.508,1,400,0,1634,8164.43,8868.445,704.016,12,False,resize=1.0;blur=31x31;sigma=7.0;pasadas_blur=3;pasadas_canny=1;pasadas_pipeline=5;canny=50-150
20260929_080435,secuencial_4K_n400_p1_r2,2026-09-29T08:20:58,secuencial,1,4K,3840,2160,400,8.2944,192.399008,0.480998,2.079,65.431,100.0,108.145,274.367,166.223,2,400,0,1615,8533.73,8804.477,270.746,12,False,resize=1.0;blur=31x31;sigma=7.0;pasadas_blur=3;pasadas_canny=1;pasadas_pipeline=5;canny=50-150
20260929_080435,secuencial_8K_n50_p1_r1,2026-09-29T08:23:46,secuencial,1,8K,7680,4320,50,33.1776,91.354968,1.827099,0.5473,67.089,100.0,100.797,766.789,665.992,1,50,0,668,8273.906,8923.297,649.391,12,False,resize=1.0;blur=31x31;sigma=7.0;pasadas_blur=3;pasadas_canny=1;pasadas_pipeline=5;canny=50-150
20260929_080435,secuencial_8K_n50_p1_r2,2026-09-29T08:25:20,secuencial,1,8K,7680,4320,50,33.1776,93.836381,1.876728,0.5328,68.062,100.0,102.02,766.938,664.918,2,50,0,667,8249.68,9376.879,1127.199,12,False,resize=1.0;blur=31x31;sigma=7.0;pasadas_blur=3;pasadas_canny=1;pasadas_pipeline=5;canny=50-150
20260929_080435,secuencial_8K_n100_p1_r1,2026-09-29T08:28:23,secuencial,1,8K,7680,4320,100,33.1776,183.216255,1.832163,0.5458,66.192,100.0,102.199,771.07,668.871,1,100,0,1313,8236.391,8930.406,694.016,12,False,resize=1.0;blur=31x31;sigma=7.0;pasadas_blur=3;pasadas_canny=1;pasadas_pipeline=5;canny=50-150
20260929_080435,secuencial_8K_n100_p1_r2,2026-09-29T08:31:29,secuencial,1,8K,7680,4320,100,33.1776,185.81523,1.858152,0.5382,67.634,100.0,97.699,778.453,680.754,2,100,0,1372,8141.578,8872.312,730.734,12,False,resize=1.0;blur=31x31;sigma=7.0;pasadas_blur=3;pasadas_canny=1;pasadas_pipeline=5;canny=50-150
20260929_080435,secuencial_8K_n200_p1_r1,2026-09-29T08:37:55,secuencial,1,8K,7680,4320,200,33.1776,386.109177,1.930546,0.518,68.619,100.0,97.395,780.547,683.152,1,200,0,2854,8048.551,9551.016,1502.465,12,False,resize=1.0;blur=31x31;sigma=7.0;pasadas_blur=3;pasadas_canny=1;pasadas_pipeline=5;canny=50-150
20260929_080435,secuencial_8K_n200_p1_r2,2026-09-29T08:44:07,secuencial,1,8K,7680,4320,200,33.1776,372.081933,1.86041,0.5375,67.388,100.0,96.605,773.414,676.809,2,200,0,2736,8033.512,8892.824,859.312,12,False,resize=1.0;blur=31x31;sigma=7.0;pasadas_blur=3;pasadas_canny=1;pasadas_pipeline=5;canny=50-150
20260929_080435,secuencial_8K_n400_p1_r1,2026-09-29T08:56:27,secuencial,1,8K,7680,4320,400,33.1776,739.042521,1.847606,0.5412,68.168,100.0,94.988,775.816,680.828,1,400,0,5438,7953.832,9109.199,1155.367,12,False,resize=1.0;blur=31x31;sigma=7.0;pasadas_blur=3;pasadas_canny=1;pasadas_pipeline=5;canny=50-150
20260929_080435,secuencial_8K_n400_p1_r2,2026-09-29T09:08:48,secuencial,1,8K,7680,4320,400,33.1776,741.686506,1.854216,0.5393,67.614,100.0,94.984,769.934,674.949,2,400,0,5500,7912.465,9156.984,1244.52,12,False,resize=1.0;blur=31x31;sigma=7.0;pasadas_blur=3;pasadas_canny=1;pasadas_pipeline=5;canny=50-150
20260929_080435,concurrente_4proc_1080p_n50_p4_r1,2026-09-29T09:09:04,concurrente_4proc,4,1080p,1920,1080,50,2.0736,6.976544,0.139531,7.1669,43.913,62.7,97.48,644.555,547.074,1,50,0,61,8151.758,8607.961,456.203,12,False,resize=1.0;blur=31x31;sigma=7.0;pasadas_blur=3;pasadas_canny=1;pasadas_pipeline=5;canny=50-150
20260929_080435,concurrente_4proc_1080p_n50_p4_r2,2026-09-29T09:09:11,concurrente_4proc,4,1080p,1920,1080,50,2.0736,6.709852,0.134197,7.4517,45.5,70.1,97.574,655.082,557.508,2,50,0,59,8146.148,8596.77,450.621,12,False,resize=1.0;blur=31x31;sigma=7.0;pasadas_blur=3;pasadas_canny=1;pasadas_pipeline=5;canny=50-150
20260929_080435,concurrente_4proc_1080p_n100_p4_r1,2026-09-29T09:09:22,concurrente_4proc,4,1080p,1920,1080,100,2.0736,11.632073,0.116321,8.5969,43.515,55.1,97.586,646.113,548.527,1,100,0,102,8144.418,8607.852,463.434,12,False,resize=1.0;blur=31x31;sigma=7.0;pasadas_blur=3;pasadas_canny=1;pasadas_pipeline=5;canny=50-150
20260929_080435,concurrente_4proc_1080p_n100_p4_r2,2026-09-29T09:09:37,concurrente_4proc,4,1080p,1920,1080,100,2.0736,14.867438,0.148674,6.7261,62.722,100.0,97.605,645.039,547.434,2,100,0,117,8145.887,8762.898,617.012,12,False,resize=1.0;blur=31x31;sigma=7.0;pasadas_blur=3;pasadas_canny=1;pasadas_pipeline=5;canny=50-150
20260929_080435,concurrente_4proc_1080p_n200_p4_r1,2026-09-29T09:10:01,concurrente_4proc,4,1080p,1920,1080,200,2.0736,24.040638,0.120203,8.3192,52.594,98.8,97.633,649.801,552.168,1,200,0,206,8047.344,8505.148,457.805,12,False,resize=1.0;blur=31x31;sigma=7.0;pasadas_blur=3;pasadas_canny=1;pasadas_pipeline=5;canny=50-150
20260929_080435,concurrente_4proc_1080p_n200_p4_r2,2026-09-29T09:10:23,concurrente_4proc,4,1080p,1920,1080,200,2.0736,21.420592,0.107103,9.3368,43.899,62.3,97.473,649.07,551.598,2,200,0,189,7799.156,8270.961,471.805,12,False,resize=1.0;blur=31x31;sigma=7.0;pasadas_blur=3;pasadas_canny=1;pasadas_pipeline=5;canny=50-150
20260929_080435,concurrente_4proc_1080p_n400_p4_r1,2026-09-29T09:11:03,concurrente_4proc,4,1080p,1920,1080,400,2.0736,40.361931,0.100905,9.9103,45.092,81.0,97.602,652.07,554.469,1,400,0,355,7825.809,8392.707,566.898,12,False,resize=1.0;blur=31x31;sigma=7.0;pasadas_blur=3;pasadas_canny=1;pasadas_pipeline=5;canny=50-150
20260929_080435,concurrente_4proc_1080p_n400_p4_r2,2026-09-29T09:11:45,concurrente_4proc,4,1080p,1920,1080,400,2.0736,41.299957,0.10325,9.6852,44.428,66.2,97.66,647.719,550.059,2,400,0,365,7946.488,8395.055,448.566,12,False,resize=1.0;blur=31x31;sigma=7.0;pasadas_blur=3;pasadas_canny=1;pasadas_pipeline=5;canny=50-150
20260929_080435,concurrente_4proc_4K_n50_p4_r1,2026-09-29T09:12:30,concurrente_4proc,4,4K,3840,2160,50,8.2944,21.793829,0.435877,2.2942,41.76,64.9,98.309,1122.676,1024.367,1,50,0,193,7939.605,8858.762,919.156,12,False,resize=1.0;blur=31x31;sigma=7.0;pasadas_blur=3;pasadas_canny=1;pasadas_pipeline=5;canny=50-150
20260929_080435,concurrente_4proc_4K_n50_p4_r2,2026-09-29T09:12:51,concurrente_4proc,4,4K,3840,2160,50,8.2944,21.439085,0.428782,2.3322,44.65,73.1,98.312,1116.191,1017.879,2,50,0,190,7938.66,8864.797,926.137,12,False,resize=1.0;blur=31x31;sigma=7.0;pasadas_blur=3;pasadas_canny=1;pasadas_pipeline=5;canny=50-150
20260929_080435,concurrente_4proc_4K_n100_p4_r1,2026-09-29T09:13:33,concurrente_4proc,4,4K,3840,2160,100,8.2944,41.44981,0.414498,2.4126,44.01,89.5,98.316,1127.457,1029.141,1,100,0,367,7954.875,8907.242,952.367,12,False,resize=1.0;blur=31x31;sigma=7.0;pasadas_blur=3;pasadas_canny=1;pasadas_pipeline=5;canny=50-150
20260929_080435,concurrente_4proc_4K_n100_p4_r2,2026-09-29T09:14:14,concurrente_4proc,4,4K,3840,2160,100,8.2944,40.543825,0.405438,2.4665,43.41,89.5,98.32,1139.871,1041.551,2,100,0,358,7989.445,8928.781,939.336,12,False,resize=1.0;blur=31x31;sigma=7.0;pasadas_blur=3;pasadas_canny=1;pasadas_pipeline=5;canny=50-150
20260929_080435,concurrente_4proc_4K_n200_p4_r1,2026-09-29T09:15:38,concurrente_4proc,4,4K,3840,2160,200,8.2944,83.821086,0.419105,2.386,45.597,100.0,98.324,1134.898,1036.574,1,200,0,732,7903.539,9303.648,1400.109,12,False,resize=1.0;blur=31x31;sigma=7.0;pasadas_blur=3;pasadas_canny=1;pasadas_pipeline=5;canny=50-150
20260929_080435,concurrente_4proc_4K_n200_p4_r2,2026-09-29T09:16:56,concurrente_4proc,4,4K,3840,2160,200,8.2944,78.124867,0.390624,2.56,43.719,67.9,98.336,1136.926,1038.59,2,200,0,694,7931.418,8926.387,994.969,12,False,resize=1.0;blur=31x31;sigma=7.0;pasadas_blur=3;pasadas_canny=1;pasadas_pipeline=5;canny=50-150
20260929_080435,concurrente_4proc_4K_n400_p4_r1,2026-09-29T09:19:21,concurrente_4proc,4,4K,3840,2160,400,8.2944,144.670527,0.361676,2.7649,44.259,100.0,98.352,1133.766,1035.414,1,400,0,1260,7979.027,8974.555,995.527,12,False,resize=1.0;blur=31x31;sigma=7.0;pasadas_blur=3;pasadas_canny=1;pasadas_pipeline=5;canny=50-150
20260929_080435,concurrente_4proc_4K_n400_p4_r2,2026-09-29T09:21:44,concurrente_4proc,4,4K,3840,2160,400,8.2944,142.899432,0.357249,2.7992,44.608,100.0,98.469,1138.383,1039.914,2,400,0,1240,7998.715,9057.367,1058.652,12,False,resize=1.0;blur=31x31;sigma=7.0;pasadas_blur=3;pasadas_canny=1;pasadas_pipeline=5;canny=50-150
20260929_080435,concurrente_4proc_8K_n50_p4_r1,2026-09-29T09:24:17,concurrente_4proc,4,8K,7680,4320,50,33.1776,74.121802,1.482436,0.6746,43.871,89.4,99.66,3091.621,2991.961,1,50,0,645,8017.988,10939.777,2921.789,12,False,resize=1.0;blur=31x31;sigma=7.0;pasadas_blur=3;pasadas_canny=1;pasadas_pipeline=5;canny=50-150
20260929_080435,concurrente_4proc_8K_n50_p4_r2,2026-09-29T09:25:32,concurrente_4proc,4,8K,7680,4320,50,33.1776,74.967027,1.499341,0.667,45.589,100.0,99.672,3050.906,2951.234,2,50,0,647,7981.203,11002.832,3021.629,12,False,resize=1.0;blur=31x31;sigma=7.0;pasadas_blur=3;pasadas_canny=1;pasadas_pipeline=5;canny=50-150
20260929_080435,concurrente_4proc_8K_n100_p4_r1,2026-09-29T09:28:21,concurrente_4proc,4,8K,7680,4320,100,33.1776,168.845163,1.688452,0.5923,45.816,100.0,99.68,3030.141,2930.461,1,100,0,1457,7990.355,11352.578,3362.223,12,False,resize=1.0;blur=31x31;sigma=7.0;pasadas_blur=3;pasadas_canny=1;pasadas_pipeline=5;canny=50-150
20260929_080435,concurrente_4proc_8K_n100_p4_r2,2026-09-29T09:31:16,concurrente_4proc,4,8K,7680,4320,100,33.1776,174.132126,1.741321,0.5743,44.378,100.0,99.699,3055.418,2955.719,2,100,0,1503,8229.469,11137.969,2908.5,12,False,resize=1.0;blur=31x31;sigma=7.0;pasadas_blur=3;pasadas_canny=1;pasadas_pipeline=5;canny=50-150
20260929_080435,concurrente_4proc_8K_n200_p4_r1,2026-09-29T09:36:10,concurrente_4proc,4,8K,7680,4320,200,33.1776,293.921749,1.469609,0.6805,44.171,100.0,99.703,3112.188,3012.484,1,200,0,2548,8107.82,11001.961,2894.141,12,False,resize=1.0;blur=31x31;sigma=7.0;pasadas_blur=3;pasadas_canny=1;pasadas_pipeline=5;canny=50-150
20260929_080435,concurrente_4proc_8K_n200_p4_r2,2026-09-29T09:41:17,concurrente_4proc,4,8K,7680,4320,200,33.1776,307.232851,1.536164,0.651,46.841,100.0,99.719,3100.945,3001.227,2,200,0,2616,8128.219,11061.312,2933.094,12,False,resize=1.0;blur=31x31;sigma=7.0;pasadas_blur=3;pasadas_canny=1;pasadas_pipeline=5;canny=50-150
